date,regime,confidence,source,hurst,hurst_regime,hard_bear,vol_cluster_choppy,in_transition
2016-02-16,BULL_CALM,0.25,dominant_gmm,0.5,AMBIGUOUS,False,False,False
2016-02-17,BULL_CALM,0.5226499891,hurst_momentum_bull,0.6658549923,MOMENTUM,False,False,False
2016-02-18,BULL_CALM,0.5226499891,hurst_momentum_bull,0.6658549923,MOMENTUM,False,False,False
2016-02-19,BULL_CALM,0.5603868779,hurst_momentum_bull,0.6922708145,MOMENTUM,False,False,False
2016-02-22,BULL_CALM,0.5949879238,hurst_momentum_bull,0.7164915467,MOMENTUM,False,False,False
2016-02-23,BULL_CALM,0.6158078446,hurst_momentum_bull,0.7310654912,MOMENTUM,False,False,False
2016-02-24,BULL_CALM,0.6188296857,hurst_momentum_bull,0.73318078,MOMENTUM,False,False,False
2016-02-25,BULL_CALM,0.6471818469,hurst_momentum_bull,0.7530272928,MOMENTUM,False,False,False
2016-02-26,BULL_CALM,0.6471818469,hurst_momentum_bull,0.7530272928,MOMENTUM,False,False,False
2016-02-29,BULL_CALM,0.6614026655,hurst_momentum_bull,0.7629818659,MOMENTUM,False,False,False
2016-03-01,BULL_CALM,0.6610750073,hurst_momentum_bull,0.7627525051,MOMENTUM,False,False,False
2016-03-02,BULL_CALM,0.6741360983,hurst_momentum_bull,0.7718952688,MOMENTUM,False,False,False
2016-03-03,BULL_CALM,0.6741360983,hurst_momentum_bull,0.7718952688,MOMENTUM,False,False,False
2016-03-04,BULL_CALM,0.6779971414,hurst_momentum_bull,0.774597999,MOMENTUM,False,False,False
2016-03-07,BULL_CALM,0.6779971414,hurst_momentum_bull,0.774597999,MOMENTUM,False,False,False
2016-03-08,BULL_CALM,0.671432248,hurst_momentum_bull,0.7700025736,MOMENTUM,False,False,False
2016-03-09,BULL_CALM,0.6630165714,hurst_momentum_bull,0.7641115999,MOMENTUM,False,False,False
2016-03-10,BULL_CALM,0.6646711378,hurst_momentum_bull,0.7652697964,MOMENTUM,False,False,False
2016-03-11,BULL_CALM,0.6646711378,hurst_momentum_bull,0.7652697964,MOMENTUM,False,False,False
2016-03-14,BULL_CALM,0.6484472523,hurst_momentum_bull,0.7539130766,MOMENTUM,False,False,False
2016-03-15,BULL_CALM,0.6474662406,hurst_momentum_bull,0.7532263684,MOMENTUM,False,False,False
2016-03-16,BULL_CALM,0.6340219195,hurst_momentum_bull,0.7438153437,MOMENTUM,False,False,False
2016-03-17,BULL_CALM,0.6254846922,hurst_momentum_bull,0.7378392845,MOMENTUM,False,False,False
2016-03-18,BULL_CALM,0.6092958809,hurst_momentum_bull,0.7265071166,MOMENTUM,False,False,False
2016-03-21,BULL_CALM,0.6092958809,hurst_momentum_bull,0.7265071166,MOMENTUM,False,False,False
2016-03-22,BULL_CALM,0.5891845725,hurst_momentum_bull,0.7124292008,MOMENTUM,False,False,False
2016-03-23,BULL_CALM,0.5904196854,hurst_momentum_bull,0.7132937798,MOMENTUM,False,False,False
2016-03-24,BULL_CALM,0.5806736333,hurst_momentum_bull,0.7064715433,MOMENTUM,False,False,False
2016-03-28,BULL_CALM,0.574622556,hurst_momentum_bull,0.7022357892,MOMENTUM,False,False,False
2016-03-29,BULL_CALM,0.548099439,hurst_momentum_bull,0.6836696073,MOMENTUM,False,False,False
2016-03-30,BULL_CALM,0.548099439,hurst_momentum_bull,0.6836696073,MOMENTUM,False,False,False
2016-03-31,BULL_CALM,0.5117598597,hurst_momentum_bull,0.6582319018,MOMENTUM,False,False,False
2016-04-01,BULL_CALM,0.5117598597,hurst_momentum_bull,0.6582319018,MOMENTUM,False,False,False
2016-04-04,BULL_CALM,0.9999730386,dominant_gmm,0.6451635817,AMBIGUOUS,False,False,False
2016-04-05,BULL_CALM,0.9863256301,dominant_gmm,0.6431326913,AMBIGUOUS,False,False,False
2016-04-06,BULL_CALM,0.9981840799,dominant_gmm,0.6276869185,AMBIGUOUS,False,False,False
2016-04-07,BULL_CALM,0.9993781479,dominant_gmm,0.6004436142,AMBIGUOUS,False,False,False
2016-04-08,BULL_CALM,0.9982526905,dominant_gmm,0.5865334408,AMBIGUOUS,False,False,False
2016-04-11,BULL_CALM,0.9980946046,dominant_gmm,0.581371719,AMBIGUOUS,False,False,False
2016-04-12,BULL_CALM,0.995432116,dominant_gmm,0.579860275,AMBIGUOUS,False,False,False
2016-04-13,BULL_CALM,0.9626960734,dominant_gmm,0.5782858337,AMBIGUOUS,False,False,False
2016-04-14,BULL_CALM,0.9291773356,dominant_gmm,0.6144574835,AMBIGUOUS,False,False,False
2016-04-15,BULL_CALM,0.9483501945,dominant_gmm,0.5992565506,AMBIGUOUS,False,False,False
2016-04-18,BULL_CALM,0.9777070186,dominant_gmm,0.6477453704,AMBIGUOUS,False,False,False
2016-04-19,BULL_CALM,0.9838146151,dominant_gmm,0.6482827742,AMBIGUOUS,False,False,False
2016-04-20,BULL_CALM,0.5291326564,hurst_momentum_bull,0.6703928595,MOMENTUM,False,False,False
2016-04-21,BULL_CALM,0.5175091443,hurst_momentum_bull,0.662256401,MOMENTUM,False,False,False
2016-04-22,BULL_CALM,0.9392916526,dominant_gmm,0.6366478534,AMBIGUOUS,False,False,False
2016-04-25,BULL_CALM,0.557225588,hurst_momentum_bull,0.6900579116,MOMENTUM,False,False,False
2016-04-26,BULL_CALM,0.5340178001,hurst_momentum_bull,0.6738124601,MOMENTUM,False,False,False
2016-04-27,BULL_CALM,0.5789648021,hurst_momentum_bull,0.7052753615,MOMENTUM,False,False,False
2016-04-28,BULL_CALM,0.585929002,hurst_momentum_bull,0.7101503014,MOMENTUM,False,False,False
2016-04-29,BULL_CALM,0.5824175458,hurst_momentum_bull,0.707692282,MOMENTUM,False,False,False
2016-05-02,BULL_CALM,0.5909606534,hurst_momentum_bull,0.7136724574,MOMENTUM,False,False,False
2016-05-03,BULL_CALM,0.5299080048,hurst_momentum_bull,0.6709356034,MOMENTUM,False,False,False
2016-05-04,BULL_CALM,0.5341554647,hurst_momentum_bull,0.6739088253,MOMENTUM,False,False,False
2016-05-05,BULL_CALM,0.5356464212,hurst_momentum_bull,0.6749524948,MOMENTUM,False,False,False
2016-05-06,BULL_CALM,0.6186406651,dominant_gmm,0.6297022943,AMBIGUOUS,False,False,False
2016-05-09,BULL_CALM,0.6310284653,dominant_gmm,0.6202506117,AMBIGUOUS,False,False,False
2016-05-10,BULL_CALM,0.9087594809,dominant_gmm,0.6136271253,AMBIGUOUS,False,False,False
2016-05-11,BULL_CALM,0.801253894,dominant_gmm,0.623052819,AMBIGUOUS,False,False,False
2016-05-12,BULL_CALM,0.9147941496,dominant_gmm,0.6231084413,AMBIGUOUS,False,False,False
2016-05-13,BULL_CALM,0.8705049312,dominant_gmm,0.5461507783,AMBIGUOUS,False,False,False
2016-05-16,CHOPPY,0.5,hurst_reversion,0.5168990743,REVERSION,False,False,True
2016-05-17,BULL_CALM,0.5,dominant_gmm,0.5614749502,AMBIGUOUS,False,False,True
2016-05-18,BULL_CALM,0.5,dominant_gmm,0.5461795601,AMBIGUOUS,False,False,True
2016-05-19,BULL_CALM,0.9516509518,dominant_gmm,0.5323626239,AMBIGUOUS,False,False,False
2016-05-20,BULL_CALM,0.9523567004,dominant_gmm,0.5839900542,AMBIGUOUS,False,False,False
2016-05-23,BULL_CALM,0.9517015704,dominant_gmm,0.5794872353,AMBIGUOUS,False,False,False
2016-05-24,BULL_CALM,0.9048256993,dominant_gmm,0.5849530656,AMBIGUOUS,False,False,False
2016-05-25,BULL_CALM,0.9311611211,dominant_gmm,0.6199691564,AMBIGUOUS,False,False,False
2016-05-26,BULL_CALM,0.9838003857,dominant_gmm,0.6230028844,AMBIGUOUS,False,False,False
2016-05-27,BULL_CALM,0.9748455497,dominant_gmm,0.6491981931,AMBIGUOUS,False,False,False
2016-05-31,BULL_CALM,0.8974429714,dominant_gmm,0.6010796957,AMBIGUOUS,False,False,False
2016-06-01,BULL_CALM,0.8897138796,dominant_gmm,0.6180041822,AMBIGUOUS,False,False,False
2016-06-02,BULL_CALM,0.94218511,dominant_gmm,0.6116845435,AMBIGUOUS,False,False,False
2016-06-03,BULL_CALM,0.9794757818,dominant_gmm,0.6181613364,AMBIGUOUS,False,False,False
2016-06-06,BULL_CALM,0.9690609734,dominant_gmm,0.610823946,AMBIGUOUS,False,False,False
2016-06-07,BULL_CALM,0.5293114416,hurst_momentum_bull,0.6705180091,MOMENTUM,False,False,False
2016-06-08,BULL_CALM,0.9915377819,dominant_gmm,0.6355907728,AMBIGUOUS,False,False,False
2016-06-09,BULL_CALM,0.9986857523,dominant_gmm,0.6378779236,AMBIGUOUS,False,False,False
2016-06-10,BULL_CALM,0.9716008696,dominant_gmm,0.5915956283,AMBIGUOUS,False,False,False
2016-06-13,BULL_CALM,0.7725098284,dominant_gmm,0.6038563648,AMBIGUOUS,False,False,False
2016-06-14,BULL_CALM,0.7678603631,dominant_gmm,0.6009793745,AMBIGUOUS,False,False,False
2016-06-15,BULL_CALM,0.7628548621,dominant_gmm,0.6205179168,AMBIGUOUS,False,False,False
2016-06-16,BULL_CALM,0.7357497289,dominant_gmm,0.6114400375,AMBIGUOUS,False,False,False
2016-06-17,BULL_VOLATILE,0.5,dominant_gmm,0.6188453965,AMBIGUOUS,False,False,True
2016-06-20,BULL_CALM,0.5,dominant_gmm,0.6388405743,AMBIGUOUS,False,False,True
2016-06-21,BULL_CALM,0.5,dominant_gmm,0.6498748411,AMBIGUOUS,False,False,True
2016-06-22,BULL_CALM,0.5751006539,dominant_gmm,0.6442884705,AMBIGUOUS,False,False,False
2016-06-23,BULL_CALM,0.9071163012,dominant_gmm,0.6449481467,AMBIGUOUS,False,False,False
2016-06-24,BEAR,0.5,hard_bear,0.6366263046,AMBIGUOUS,True,False,True
2016-06-27,BEAR,0.5,hard_bear,0.6781081799,MOMENTUM,True,False,True
2016-06-28,BEAR,0.5,hard_bear,0.6999373883,MOMENTUM,True,False,True
2016-06-29,BEAR,1,hard_bear,0.6781041003,MOMENTUM,True,True,False
2016-06-30,BEAR,1,hard_bear,0.7076724182,MOMENTUM,True,True,False
2016-07-01,CHOPPY,0.5,hurst_momentum_vol_cluster_choppy,0.7038450523,MOMENTUM,False,True,True
2016-07-05,BULL_CALM,0.5,hurst_momentum_bull,0.7138358744,MOMENTUM,False,False,True
2016-07-06,BULL_CALM,0.5,hurst_momentum_bull,0.7305686394,MOMENTUM,False,False,True
2016-07-07,BULL_CALM,0.6417263946,hurst_momentum_bull,0.7492084762,MOMENTUM,False,False,False
2016-07-08,BULL_CALM,0.6204068231,hurst_momentum_bull,0.7342847762,MOMENTUM,False,False,False
2016-07-11,BULL_CALM,0.6361272272,hurst_momentum_bull,0.745289059,MOMENTUM,False,False,False
2016-07-12,BULL_CALM,0.5945742323,hurst_momentum_bull,0.7162019626,MOMENTUM,False,False,False
2016-07-13,BULL_CALM,0.5564054584,hurst_momentum_bull,0.6894838209,MOMENTUM,False,False,False
2016-07-14,BULL_CALM,0.5557996202,hurst_momentum_bull,0.6890597341,MOMENTUM,False,False,False
2016-07-15,BULL_CALM,0.5837059691,hurst_momentum_bull,0.7085941783,MOMENTUM,False,False,False
2016-07-18,BULL_CALM,0.5454205525,hurst_momentum_bull,0.6817943867,MOMENTUM,False,False,False
2016-07-19,BULL_CALM,0.5658283102,hurst_momentum_bull,0.6960798171,MOMENTUM,False,False,False
2016-07-20,BULL_CALM,0.5585858983,hurst_momentum_bull,0.6910101288,MOMENTUM,False,False,False
2016-07-21,BULL_CALM,0.587489792,hurst_momentum_bull,0.7112428544,MOMENTUM,False,False,False
2016-07-22,BULL_CALM,0.5636916294,hurst_momentum_bull,0.6945841406,MOMENTUM,False,False,False
2016-07-25,BULL_CALM,0.6086090141,hurst_momentum_bull,0.7260263098,MOMENTUM,False,False,False
2016-07-26,BULL_CALM,0.6097931355,hurst_momentum_bull,0.7268551948,MOMENTUM,False,False,False
2016-07-27,BULL_CALM,0.6182244597,hurst_momentum_bull,0.7327571218,MOMENTUM,False,False,False
2016-07-28,BULL_CALM,0.6094415694,hurst_momentum_bull,0.7266090985,MOMENTUM,False,False,False
2016-07-29,BULL_CALM,0.6349008791,hurst_momentum_bull,0.7444306154,MOMENTUM,False,False,False
2016-08-01,BULL_CALM,0.6226753888,hurst_momentum_bull,0.7358727721,MOMENTUM,False,False,False
2016-08-02,BULL_CALM,0.6450431791,hurst_momentum_bull,0.7515302254,MOMENTUM,False,False,False
2016-08-03,BULL_CALM,0.6507410224,hurst_momentum_bull,0.7555187157,MOMENTUM,False,False,False
2016-08-04,BULL_CALM,0.6435415418,hurst_momentum_bull,0.7504790793,MOMENTUM,False,False,False
2016-08-05,BULL_CALM,0.6563402335,hurst_momentum_bull,0.7594381634,MOMENTUM,False,False,False
2016-08-08,BULL_CALM,0.6484700039,hurst_momentum_bull,0.7539290028,MOMENTUM,False,False,False
2016-08-09,BULL_CALM,0.7166475726,hurst_momentum_bull,0.8016533008,MOMENTUM,False,False,False
2016-08-10,BULL_CALM,0.6778241064,hurst_momentum_bull,0.7744768745,MOMENTUM,False,False,False
2016-08-11,BULL_CALM,0.6813751593,hurst_momentum_bull,0.7769626115,MOMENTUM,False,False,False
2016-08-12,BULL_CALM,0.6521936814,hurst_momentum_bull,0.756535577,MOMENTUM,False,False,False
2016-08-15,BULL_CALM,0.7133536604,hurst_momentum_bull,0.7993475622,MOMENTUM,False,False,False
2016-08-16,BULL_CALM,0.6978106282,hurst_momentum_bull,0.7884674397,MOMENTUM,False,False,False
2016-08-17,BULL_CALM,0.6984963563,hurst_momentum_bull,0.7889474494,MOMENTUM,False,False,False
2016-08-18,BULL_CALM,0.7142397148,hurst_momentum_bull,0.7999678003,MOMENTUM,False,False,False
2016-08-19,BULL_CALM,0.6901865054,hurst_momentum_bull,0.7831305538,MOMENTUM,False,False,False
2016-08-22,BULL_CALM,0.6766319266,hurst_momentum_bull,0.7736423486,MOMENTUM,False,False,False
2016-08-23,BULL_CALM,0.6805694789,hurst_momentum_bull,0.7763986352,MOMENTUM,False,False,False
2016-08-24,BULL_CALM,0.6668290855,hurst_momentum_bull,0.7667803598,MOMENTUM,False,False,False
2016-08-25,BULL_CALM,0.6543949785,hurst_momentum_bull,0.758076485,MOMENTUM,False,False,False
2016-08-26,BULL_CALM,0.6224799516,hurst_momentum_bull,0.7357359661,MOMENTUM,False,False,False
2016-08-29,BULL_CALM,0.6257608965,hurst_momentum_bull,0.7380326275,MOMENTUM,False,False,False
2016-08-30,BULL_CALM,0.621651341,hurst_momentum_bull,0.7351559387,MOMENTUM,False,False,False
2016-08-31,BULL_CALM,0.6101660323,hurst_momentum_bull,0.7271162226,MOMENTUM,False,False,False
2016-09-01,BULL_CALM,0.6252893753,hurst_momentum_bull,0.7377025627,MOMENTUM,False,False,False
2016-09-02,BULL_CALM,0.6066059426,hurst_momentum_bull,0.7246241598,MOMENTUM,False,False,False
2016-09-06,BULL_CALM,0.6047298154,hurst_momentum_bull,0.7233108708,MOMENTUM,False,False,False
2016-09-07,BULL_CALM,0.6031646932,hurst_momentum_bull,0.7222152853,MOMENTUM,False,False,False
2016-09-08,BULL_CALM,0.6003302123,hurst_momentum_bull,0.7202311486,MOMENTUM,False,False,False
2016-09-09,BULL_CALM,0.5840808617,hurst_momentum_bull,0.7088566032,MOMENTUM,False,False,False
2016-09-12,CHOPPY,0.5,hurst_momentum_vol_cluster_choppy,0.6966935662,MOMENTUM,False,True,True
2016-09-13,BULL_CALM,0.5,hurst_momentum_bull,0.6900073461,MOMENTUM,False,False,True
2016-09-14,BULL_CALM,0.5,hurst_momentum_bull,0.6911175014,MOMENTUM,False,False,True
2016-09-15,BEAR,0.5,hard_bear,0.6930369825,MOMENTUM,True,True,True
2016-09-16,BULL_CALM,0.5,hurst_momentum_bull,0.6877039873,MOMENTUM,False,False,True
2016-09-19,BULL_CALM,0.5,hurst_momentum_bull,0.6882980488,MOMENTUM,False,False,True
2016-09-20,BULL_CALM,0.5649346788,hurst_momentum_bull,0.6954542752,MOMENTUM,False,False,False
2016-09-21,BULL_CALM,0.5537581691,hurst_momentum_bull,0.6876307184,MOMENTUM,False,False,False
2016-09-22,BULL_CALM,0.5991903827,hurst_momentum_bull,0.7194332679,MOMENTUM,False,False,False
2016-09-23,BULL_CALM,0.6174115365,hurst_momentum_bull,0.7321880756,MOMENTUM,False,False,False
2016-09-26,BULL_CALM,0.613278799,hurst_momentum_bull,0.7292951593,MOMENTUM,False,False,False
2016-09-27,BULL_CALM,0.5687785321,hurst_momentum_bull,0.6981449725,MOMENTUM,False,False,False
2016-09-28,BULL_CALM,0.5156333162,hurst_momentum_bull,0.6609433214,MOMENTUM,False,False,False
2016-09-29,BULL_CALM,0.5585465301,hurst_momentum_bull,0.6909825711,MOMENTUM,False,False,False
2016-09-30,BULL_CALM,0.5544520034,hurst_momentum_bull,0.6881164024,MOMENTUM,False,False,False
2016-10-03,BULL_CALM,0.5616314121,hurst_momentum_bull,0.6931419885,MOMENTUM,False,False,False
2016-10-04,BULL_CALM,0.5280047581,hurst_momentum_bull,0.6696033307,MOMENTUM,False,False,False
2016-10-05,BULL_CALM,0.5158232566,hurst_momentum_bull,0.6610762796,MOMENTUM,False,False,False
2016-10-06,BULL_VOLATILE,0.5,dominant_gmm,0.6149345866,AMBIGUOUS,False,False,True
2016-10-07,BULL_CALM,0.5,dominant_gmm,0.5856404494,AMBIGUOUS,False,False,True
2016-10-10,BULL_CALM,0.5,dominant_gmm,0.5542578676,AMBIGUOUS,False,False,True
2016-10-11,BULL_CALM,0.8790771561,dominant_gmm,0.5488965823,AMBIGUOUS,False,False,False
2016-10-12,BULL_CALM,0.7524522246,dominant_gmm,0.5471105356,AMBIGUOUS,False,False,False
2016-10-13,BULL_CALM,0.8557459589,dominant_gmm,0.540394606,AMBIGUOUS,False,False,False
2016-10-14,BULL_CALM,0.7590511275,dominant_gmm,0.5583755026,AMBIGUOUS,False,False,False
2016-10-17,BULL_CALM,0.7225816888,dominant_gmm,0.5441601447,AMBIGUOUS,False,False,False
2016-10-18,BULL_CALM,0.9363443684,dominant_gmm,0.5756754746,AMBIGUOUS,False,False,False
2016-10-19,BULL_CALM,0.9696329733,dominant_gmm,0.5507725083,AMBIGUOUS,False,False,False
2016-10-20,BULL_CALM,0.9617466151,dominant_gmm,0.5921941499,AMBIGUOUS,False,False,False
2016-10-21,BULL_CALM,0.9856358901,dominant_gmm,0.5707602907,AMBIGUOUS,False,False,False
2016-10-24,BULL_CALM,0.9722301641,dominant_gmm,0.5622722934,AMBIGUOUS,False,False,False
2016-10-25,BULL_CALM,0.9915242486,dominant_gmm,0.5511766874,AMBIGUOUS,False,False,False
2016-10-26,BULL_CALM,0.9953022297,dominant_gmm,0.5735520954,AMBIGUOUS,False,False,False
2016-10-27,BULL_CALM,0.9947554218,dominant_gmm,0.5751052617,AMBIGUOUS,False,False,False
2016-10-28,BULL_CALM,0.9969408105,dominant_gmm,0.58841993,AMBIGUOUS,False,False,False
2016-10-31,BULL_CALM,0.9999899369,dominant_gmm,0.5764535987,AMBIGUOUS,False,False,False
2016-11-01,BULL_CALM,0.9995951825,dominant_gmm,0.5569029342,AMBIGUOUS,False,False,False
2016-11-02,BULL_CALM,0.9933694393,dominant_gmm,0.5501248838,AMBIGUOUS,False,False,False
2016-11-03,BULL_CALM,0.9323265022,dominant_gmm,0.5387581886,AMBIGUOUS,False,False,False
2016-11-04,BULL_CALM,0.9813415145,dominant_gmm,0.5355973067,AMBIGUOUS,False,False,False
2016-11-07,CHOPPY,0.5,vol_cluster_choppy,0.5439469094,AMBIGUOUS,False,True,True
2016-11-08,CHOPPY,0.5,vol_cluster_choppy,0.5569796696,AMBIGUOUS,False,True,True
2016-11-09,CHOPPY,0.5,vol_cluster_choppy,0.5465954968,AMBIGUOUS,False,True,True
2016-11-10,BULL_CALM,0.5,dominant_gmm,0.5535324148,AMBIGUOUS,False,False,True
2016-11-11,BULL_CALM,0.5,dominant_gmm,0.5604685111,AMBIGUOUS,False,False,True
2016-11-14,BULL_CALM,0.5,dominant_gmm,0.5616707121,AMBIGUOUS,False,False,True
2016-11-15,BULL_CALM,0.9395789947,dominant_gmm,0.5603691533,AMBIGUOUS,False,False,False
2016-11-16,BULL_CALM,0.9246621241,dominant_gmm,0.5642591422,AMBIGUOUS,False,False,False
2016-11-17,BULL_CALM,0.8816712828,dominant_gmm,0.5725399287,AMBIGUOUS,False,False,False
2016-11-18,BULL_CALM,0.9115927341,dominant_gmm,0.587668266,AMBIGUOUS,False,False,False
2016-11-21,BULL_CALM,0.9964138052,dominant_gmm,0.596611667,AMBIGUOUS,False,False,False
2016-11-22,BULL_CALM,0.9993177031,dominant_gmm,0.6163247074,AMBIGUOUS,False,False,False
2016-11-23,BULL_CALM,0.9994829102,dominant_gmm,0.6224917296,AMBIGUOUS,False,False,False
2016-11-25,BULL_CALM,0.9998878808,dominant_gmm,0.6351094767,AMBIGUOUS,False,False,False
2016-11-28,BULL_CALM,0.5032030374,hurst_momentum_bull,0.6522421262,MOMENTUM,False,False,False
2016-11-29,BULL_CALM,0.5057434908,hurst_momentum_bull,0.6540204435,MOMENTUM,False,False,False
2016-11-30,BULL_CALM,0.5205273577,hurst_momentum_bull,0.6643691504,MOMENTUM,False,False,False
2016-12-01,BULL_CALM,0.5281384196,hurst_momentum_bull,0.6696968937,MOMENTUM,False,False,False
2016-12-02,BULL_CALM,0.5576908712,hurst_momentum_bull,0.6903836098,MOMENTUM,False,False,False
2016-12-05,BULL_CALM,0.5818105024,hurst_momentum_bull,0.7072673517,MOMENTUM,False,False,False
2016-12-06,BULL_CALM,0.6018914987,hurst_momentum_bull,0.7213240491,MOMENTUM,False,False,False
2016-12-07,BULL_CALM,0.5946509767,hurst_momentum_bull,0.7162556837,MOMENTUM,False,False,False
2016-12-08,BULL_CALM,0.5542443695,hurst_momentum_bull,0.6879710586,MOMENTUM,False,False,False
2016-12-09,BULL_CALM,0.5942789605,hurst_momentum_bull,0.7159952723,MOMENTUM,False,False,False
2016-12-12,BULL_CALM,0.6198565631,hurst_momentum_bull,0.7338995942,MOMENTUM,False,False,False
2016-12-13,BULL_CALM,0.6243653151,hurst_momentum_bull,0.7370557206,MOMENTUM,False,False,False
2016-12-14,BULL_CALM,0.5650884714,hurst_momentum_bull,0.69556193,MOMENTUM,False,False,False
2016-12-15,BULL_CALM,0.6176004954,hurst_momentum_bull,0.7323203468,MOMENTUM,False,False,False
2016-12-16,BULL_CALM,0.5966780401,hurst_momentum_bull,0.7176746281,MOMENTUM,False,False,False
2016-12-19,BULL_CALM,0.5849629133,hurst_momentum_bull,0.7094740393,MOMENTUM,False,False,False
2016-12-20,BULL_CALM,0.5148402109,hurst_momentum_bull,0.6603881477,MOMENTUM,False,False,False
2016-12-21,BULL_CALM,0.584576685,hurst_momentum_bull,0.7092036795,MOMENTUM,False,False,False
2016-12-22,BULL_CALM,0.5639846521,hurst_momentum_bull,0.6947892565,MOMENTUM,False,False,False
2016-12-23,BULL_CALM,0.5509865081,hurst_momentum_bull,0.6856905557,MOMENTUM,False,False,False
2016-12-27,BULL_CALM,0.5708837342,hurst_momentum_bull,0.6996186139,MOMENTUM,False,False,False
2016-12-28,BULL_CALM,0.5879160994,hurst_momentum_bull,0.7115412696,MOMENTUM,False,False,False
2016-12-29,BULL_CALM,0.6231505035,hurst_momentum_bull,0.7362053524,MOMENTUM,False,False,False
2016-12-30,BULL_CALM,0.6053299373,hurst_momentum_bull,0.7237309561,MOMENTUM,False,False,False
2017-01-03,BULL_CALM,0.6427606456,hurst_momentum_bull,0.7499324519,MOMENTUM,False,False,False
2017-01-04,BULL_CALM,0.6670246605,hurst_momentum_bull,0.7669172623,MOMENTUM,False,False,False
2017-01-05,BULL_CALM,0.6910948421,hurst_momentum_bull,0.7837663894,MOMENTUM,False,False,False
2017-01-06,BULL_CALM,0.6893335143,hurst_momentum_bull,0.78253346,MOMENTUM,False,False,False
2017-01-09,BULL_CALM,0.7046762157,hurst_momentum_bull,0.793273351,MOMENTUM,False,False,False
2017-01-10,BULL_CALM,0.7000249548,hurst_momentum_bull,0.7900174684,MOMENTUM,False,False,False
2017-01-11,BULL_CALM,0.7234323659,hurst_momentum_bull,0.8064026562,MOMENTUM,False,False,False
2017-01-12,BULL_CALM,0.7188025794,hurst_momentum_bull,0.8031618056,MOMENTUM,False,False,False
2017-01-13,BULL_CALM,0.7296431831,hurst_momentum_bull,0.8107502282,MOMENTUM,False,False,False
2017-01-17,BULL_CALM,0.7319088609,hurst_momentum_bull,0.8123362026,MOMENTUM,False,False,False
2017-01-18,BULL_CALM,0.7597826761,hurst_momentum_bull,0.8318478733,MOMENTUM,False,False,False
2017-01-19,BULL_CALM,0.7648804324,hurst_momentum_bull,0.8354163027,MOMENTUM,False,False,False
2017-01-20,BULL_CALM,0.7707442807,hurst_momentum_bull,0.8395209965,MOMENTUM,False,False,False
2017-01-23,BULL_CALM,0.7858632174,hurst_momentum_bull,0.8501042522,MOMENTUM,False,False,False
2017-01-24,BULL_CALM,0.7928821355,hurst_momentum_bull,0.8550174949,MOMENTUM,False,False,False
2017-01-25,BULL_CALM,0.7932455076,hurst_momentum_bull,0.8552718553,MOMENTUM,False,False,False
2017-01-26,BULL_CALM,0.7708537043,hurst_momentum_bull,0.839597593,MOMENTUM,False,False,False
2017-01-27,BULL_CALM,0.7410186441,hurst_momentum_bull,0.8187130508,MOMENTUM,False,False,False
2017-01-30,BULL_CALM,0.7101822173,hurst_momentum_bull,0.7971275521,MOMENTUM,False,False,False
2017-01-31,BULL_CALM,0.6625279363,hurst_momentum_bull,0.7637695554,MOMENTUM,False,False,False
2017-02-01,BULL_CALM,0.6357615421,hurst_momentum_bull,0.7450330794,MOMENTUM,False,False,False
2017-02-02,BULL_CALM,0.6225197236,hurst_momentum_bull,0.7357638065,MOMENTUM,False,False,False
2017-02-03,BULL_CALM,0.6045060976,hurst_momentum_bull,0.7231542683,MOMENTUM,False,False,False
2017-02-06,BULL_CALM,0.6273754201,hurst_momentum_bull,0.7391627941,MOMENTUM,False,False,False
2017-02-07,BULL_CALM,0.6330116008,hurst_momentum_bull,0.7431081206,MOMENTUM,False,False,False
2017-02-08,BULL_CALM,0.5607667375,hurst_momentum_bull,0.6925367163,MOMENTUM,False,False,False
2017-02-09,BULL_CALM,0.5602851853,hurst_momentum_bull,0.6921996297,MOMENTUM,False,False,False
2017-02-10,BULL_CALM,0.572992556,hurst_momentum_bull,0.7010947892,MOMENTUM,False,False,False
2017-02-13,BULL_CALM,0.5762542495,hurst_momentum_bull,0.7033779746,MOMENTUM,False,False,False
2017-02-14,BULL_CALM,0.5502930282,hurst_momentum_bull,0.6852051198,MOMENTUM,False,False,False
2017-02-15,BULL_CALM,0.5608891682,hurst_momentum_bull,0.6926224177,MOMENTUM,False,False,False
2017-02-16,BULL_CALM,0.5771974568,hurst_momentum_bull,0.7040382197,MOMENTUM,False,False,False
2017-02-17,BULL_CALM,0.6010922934,hurst_momentum_bull,0.7207646054,MOMENTUM,False,False,False
2017-02-21,BULL_CALM,0.6104773008,hurst_momentum_bull,0.7273341106,MOMENTUM,False,False,False
2017-02-22,BULL_CALM,0.6038469338,hurst_momentum_bull,0.7226928537,MOMENTUM,False,False,False
2017-02-23,BULL_CALM,0.6165403363,hurst_momentum_bull,0.7315782354,MOMENTUM,False,False,False
2017-02-24,BULL_CALM,0.6360157312,hurst_momentum_bull,0.7452110118,MOMENTUM,False,False,False
2017-02-27,BULL_CALM,0.6370335248,hurst_momentum_bull,0.7459234674,MOMENTUM,False,False,False
2017-02-28,BULL_CALM,0.6408479469,hurst_momentum_bull,0.7485935628,MOMENTUM,False,False,False
2017-03-01,BULL_CALM,0.6230221973,hurst_momentum_bull,0.7361155381,MOMENTUM,False,False,False
2017-03-02,BULL_CALM,0.6193758172,hurst_momentum_bull,0.733563072,MOMENTUM,False,False,False
2017-03-03,BULL_CALM,0.6364051313,hurst_momentum_bull,0.7454835919,MOMENTUM,False,False,False
2017-03-06,BULL_CALM,0.6664144873,hurst_momentum_bull,0.7664901411,MOMENTUM,False,False,False
2017-03-07,BULL_CALM,0.6624058907,hurst_momentum_bull,0.7636841235,MOMENTUM,False,False,False
2017-03-08,BULL_CALM,0.6350040923,hurst_momentum_bull,0.7445028646,MOMENTUM,False,False,False
2017-03-09,BULL_CALM,0.619125108,hurst_momentum_bull,0.7333875756,MOMENTUM,False,False,False
2017-03-10,BULL_CALM,0.5726816856,hurst_momentum_bull,0.7008771799,MOMENTUM,False,False,False
2017-03-13,BULL_CALM,0.5633344251,hurst_momentum_bull,0.6943340976,MOMENTUM,False,False,False
2017-03-14,BULL_CALM,0.5549127964,hurst_momentum_bull,0.6884389575,MOMENTUM,False,False,False
2017-03-15,BULL_CALM,0.5784465352,hurst_momentum_bull,0.7049125747,MOMENTUM,False,False,False
2017-03-16,BULL_CALM,0.5843259546,hurst_momentum_bull,0.7090281682,MOMENTUM,False,False,False
2017-03-17,BULL_CALM,0.5819202269,hurst_momentum_bull,0.7073441588,MOMENTUM,False,False,False
2017-03-20,BULL_CALM,0.6184401043,hurst_momentum_bull,0.732908073,MOMENTUM,False,False,False
2017-03-21,CHOPPY,0.5,hurst_momentum_vol_cluster_choppy,0.7176809203,MOMENTUM,False,True,True
2017-03-22,BULL_CALM,0.5,hurst_momentum_bull,0.7110566423,MOMENTUM,False,False,True
2017-03-23,BULL_CALM,0.5,hurst_momentum_bull,0.7379851182,MOMENTUM,False,False,True
2017-03-24,BULL_CALM,0.6067299766,hurst_momentum_bull,0.7247109836,MOMENTUM,False,False,False
2017-03-27,BULL_CALM,0.6002945564,hurst_momentum_bull,0.7202061895,MOMENTUM,False,False,False
2017-03-28,BULL_CALM,0.5878614262,hurst_momentum_bull,0.7115029983,MOMENTUM,False,False,False
2017-03-29,BULL_CALM,0.6064361488,hurst_momentum_bull,0.7245053042,MOMENTUM,False,False,False
2017-03-30,BULL_CALM,0.5392954622,hurst_momentum_bull,0.6775068235,MOMENTUM,False,False,False
2017-03-31,BULL_CALM,0.5464922279,hurst_momentum_bull,0.6825445595,MOMENTUM,False,False,False
2017-04-03,BULL_CALM,0.5848172393,hurst_momentum_bull,0.7093720675,MOMENTUM,False,False,False
2017-04-04,BULL_CALM,0.5725912017,hurst_momentum_bull,0.7008138412,MOMENTUM,False,False,False
2017-04-05,BULL_CALM,0.5728501411,hurst_momentum_bull,0.7009950988,MOMENTUM,False,False,False
2017-04-06,BULL_CALM,0.5771376137,hurst_momentum_bull,0.7039963296,MOMENTUM,False,False,False
2017-04-07,BULL_CALM,0.559726022,hurst_momentum_bull,0.6918082154,MOMENTUM,False,False,False
2017-04-10,BULL_CALM,0.5590486757,hurst_momentum_bull,0.691334073,MOMENTUM,False,False,False
2017-04-11,BULL_CALM,0.5430257501,hurst_momentum_bull,0.6801180251,MOMENTUM,False,False,False
2017-04-12,BULL_CALM,0.5418739495,hurst_momentum_bull,0.6793117646,MOMENTUM,False,False,False
2017-04-13,BULL_CALM,0.5315039674,hurst_momentum_bull,0.6720527771,MOMENTUM,False,False,False
2017-04-17,BULL_CALM,0.5213501096,hurst_momentum_bull,0.6649450767,MOMENTUM,False,False,False
2017-04-18,BULL_CALM,0.5450172034,hurst_momentum_bull,0.6815120424,MOMENTUM,False,False,False
2017-04-19,BULL_CALM,0.5292098625,hurst_momentum_bull,0.6704469038,MOMENTUM,False,False,False
2017-04-20,CHOPPY,0.5,hurst_momentum_vol_cluster_choppy,0.6847757962,MOMENTUM,False,True,True
2017-04-21,BULL_CALM,0.5,hurst_momentum_bull,0.6730253827,MOMENTUM,False,False,True
2017-04-24,BULL_CALM,0.5,hurst_momentum_bull,0.6946817296,MOMENTUM,False,False,True
2017-04-25,BULL_CALM,0.5780702192,hurst_momentum_bull,0.7046491534,MOMENTUM,False,False,False
2017-04-26,BULL_CALM,0.6475312848,hurst_momentum_bull,0.7532718993,MOMENTUM,False,False,False
2017-04-27,BULL_CALM,0.6351361416,hurst_momentum_bull,0.7445952991,MOMENTUM,False,False,False
2017-04-28,BULL_CALM,0.6204226423,hurst_momentum_bull,0.7342958496,MOMENTUM,False,False,False
2017-05-01,BULL_CALM,0.5836838688,hurst_momentum_bull,0.7085787082,MOMENTUM,False,False,False
2017-05-02,BULL_CALM,0.5942982901,hurst_momentum_bull,0.7160088031,MOMENTUM,False,False,False
2017-05-03,BULL_CALM,0.5888234517,hurst_momentum_bull,0.7121764162,MOMENTUM,False,False,False
2017-05-04,BULL_CALM,0.5778217142,hurst_momentum_bull,0.7044752,MOMENTUM,False,False,False
2017-05-05,BULL_CALM,0.6157854079,hurst_momentum_bull,0.7310497855,MOMENTUM,False,False,False
2017-05-08,BULL_CALM,0.6144684028,hurst_momentum_bull,0.7301278819,MOMENTUM,False,False,False
2017-05-09,BULL_CALM,0.639206198,hurst_momentum_bull,0.7474443386,MOMENTUM,False,False,False
2017-05-10,BULL_CALM,0.6502907613,hurst_momentum_bull,0.7552035329,MOMENTUM,False,False,False
2017-05-11,BULL_CALM,0.6224830726,hurst_momentum_bull,0.7357381508,MOMENTUM,False,False,False
2017-05-12,BULL_CALM,0.6210139205,hurst_momentum_bull,0.7347097444,MOMENTUM,False,False,False
2017-05-15,BULL_CALM,0.6106578775,hurst_momentum_bull,0.7274605142,MOMENTUM,False,False,False
2017-05-16,BULL_CALM,0.6203735332,hurst_momentum_bull,0.7342614732,MOMENTUM,False,False,False
2017-05-17,CHOPPY,0.5,hurst_momentum_vol_cluster_choppy,0.7047565897,MOMENTUM,False,True,True
2017-05-18,CHOPPY,0.5,hurst_momentum_vol_cluster_choppy,0.7199194785,MOMENTUM,False,True,True
2017-05-19,CHOPPY,0.5,hurst_momentum_vol_cluster_choppy,0.7168036225,MOMENTUM,False,True,True
2017-05-22,CHOPPY,0,hurst_momentum_vol_cluster_choppy,0.6920356756,MOMENTUM,False,True,False
2017-05-23,CHOPPY,0,hurst_momentum_vol_cluster_choppy,0.6853266874,MOMENTUM,False,True,False
2017-05-24,BULL_CALM,0.5,hurst_momentum_bull,0.6714031007,MOMENTUM,False,False,True
2017-05-25,BULL_CALM,0.5,hurst_momentum_bull,0.6725470043,MOMENTUM,False,False,True
2017-05-26,BULL_CALM,0.5,hurst_momentum_bull,0.6674803746,MOMENTUM,False,False,True
2017-05-30,BULL_CALM,0.5161480352,hurst_momentum_bull,0.6613036247,MOMENTUM,False,False,False
2017-05-31,BULL_CALM,0.5256867792,hurst_momentum_bull,0.6679807455,MOMENTUM,False,False,False
2017-06-01,BULL_CALM,0.5543278043,hurst_momentum_bull,0.688029463,MOMENTUM,False,False,False
2017-06-02,BULL_CALM,0.5505051362,hurst_momentum_bull,0.6853535953,MOMENTUM,False,False,False
2017-06-05,BULL_CALM,0.5528662672,hurst_momentum_bull,0.687006387,MOMENTUM,False,False,False
2017-06-06,BULL_CALM,0.5727551115,hurst_momentum_bull,0.7009285781,MOMENTUM,False,False,False
2017-06-07,BULL_CALM,0.5852193723,hurst_momentum_bull,0.7096535606,MOMENTUM,False,False,False
2017-06-08,BULL_CALM,0.572761868,hurst_momentum_bull,0.7009333076,MOMENTUM,False,False,False
2017-06-09,BULL_CALM,0.5515533085,hurst_momentum_bull,0.686087316,MOMENTUM,False,False,False
2017-06-12,BULL_CALM,0.5524531715,hurst_momentum_bull,0.6867172201,MOMENTUM,False,False,False
2017-06-13,BULL_CALM,0.5880235163,hurst_momentum_bull,0.7116164614,MOMENTUM,False,False,False
2017-06-14,BULL_CALM,0.6074106569,hurst_momentum_bull,0.7251874598,MOMENTUM,False,False,False
2017-06-15,BULL_CALM,0.5728791757,hurst_momentum_bull,0.701015423,MOMENTUM,False,False,False
2017-06-16,BULL_CALM,0.5375162339,hurst_momentum_bull,0.6762613638,MOMENTUM,False,False,False
2017-06-19,BULL_CALM,0.5611756951,hurst_momentum_bull,0.6928229865,MOMENTUM,False,False,False
2017-06-20,BULL_CALM,0.6160626929,hurst_momentum_bull,0.731243885,MOMENTUM,False,False,False
2017-06-21,BULL_CALM,0.6002185404,hurst_momentum_bull,0.7201529783,MOMENTUM,False,False,False
2017-06-22,BULL_CALM,0.6140165662,hurst_momentum_bull,0.7298115963,MOMENTUM,False,False,False
2017-06-23,BULL_CALM,0.6295343991,hurst_momentum_bull,0.7406740794,MOMENTUM,False,False,False
2017-06-26,BULL_CALM,0.6349546802,hurst_momentum_bull,0.7444682761,MOMENTUM,False,False,False
2017-06-27,BULL_CALM,0.6164947969,hurst_momentum_bull,0.7315463578,MOMENTUM,False,False,False
2017-06-28,BULL_CALM,0.6137689891,hurst_momentum_bull,0.7296382924,MOMENTUM,False,False,False
2017-06-29,CHOPPY,0.5,hurst_momentum_vol_cluster_choppy,0.7409859145,MOMENTUM,False,True,True
2017-06-30,CHOPPY,0.5,hurst_momentum_vol_cluster_choppy,0.7338723994,MOMENTUM,False,True,True
2017-07-03,CHOPPY,0.5,hurst_momentum_vol_cluster_choppy,0.7283262697,MOMENTUM,False,True,True
2017-07-05,BULL_CALM,0.5,hurst_momentum_bull,0.718577369,MOMENTUM,False,False,True
2017-07-06,BULL_CALM,0.5,hurst_momentum_bull,0.7217032458,MOMENTUM,False,False,True
2017-07-07,BULL_CALM,0.5,hurst_momentum_bull,0.7131784912,MOMENTUM,False,False,True
2017-07-10,BULL_CALM,0.5645857977,hurst_momentum_bull,0.6952100584,MOMENTUM,False,False,False
2017-07-11,BULL_CALM,0.5141160199,hurst_momentum_bull,0.659881214,MOMENTUM,False,False,False
2017-07-12,BULL_CALM,0.5373060491,hurst_momentum_bull,0.6761142344,MOMENTUM,False,False,False
2017-07-13,BULL_CALM,0.5063148643,hurst_momentum_bull,0.654420405,MOMENTUM,False,False,False
2017-07-14,BULL_CALM,0.5556323825,hurst_momentum_bull,0.6889426677,MOMENTUM,False,False,False
2017-07-17,BULL_CALM,0.5156706085,hurst_momentum_bull,0.6609694259,MOMENTUM,False,False,False
2017-07-18,BULL_CALM,0.5509845233,hurst_momentum_bull,0.6856891663,MOMENTUM,False,False,False
2017-07-19,BULL_CALM,0.572677704,hurst_momentum_bull,0.7008743928,MOMENTUM,False,False,False
2017-07-20,BULL_CALM,0.5178653762,hurst_momentum_bull,0.6625057633,MOMENTUM,False,False,False
2017-07-21,BULL_CALM,0.5436281429,hurst_momentum_bull,0.6805397001,MOMENTUM,False,False,False
2017-07-24,BULL_CALM,0.5074319542,hurst_momentum_bull,0.6552023679,MOMENTUM,False,False,False
2017-07-25,BULL_CALM,0.503220251,hurst_momentum_bull,0.6522541757,MOMENTUM,False,False,False
2017-07-26,BULL_CALM,0.5028419164,hurst_momentum_bull,0.6519893415,MOMENTUM,False,False,False
2017-07-27,BULL_CALM,0.9947312954,dominant_gmm,0.647615656,AMBIGUOUS,False,False,False
2017-07-28,BULL_CALM,0.5226069249,hurst_momentum_bull,0.6658248474,MOMENTUM,False,False,False
2017-07-31,BULL_CALM,0.517781121,hurst_momentum_bull,0.6624467847,MOMENTUM,False,False,False
2017-08-01,BULL_CALM,0.5351874511,hurst_momentum_bull,0.6746312157,MOMENTUM,False,False,False
2017-08-02,BULL_CALM,0.5304152266,hurst_momentum_bull,0.6712906586,MOMENTUM,False,False,False
2017-08-03,BULL_CALM,0.5495418992,hurst_momentum_bull,0.6846793295,MOMENTUM,False,False,False
2017-08-04,BULL_CALM,0.5755453519,hurst_momentum_bull,0.7028817464,MOMENTUM,False,False,False
2017-08-07,BULL_CALM,0.5799211229,hurst_momentum_bull,0.705944786,MOMENTUM,False,False,False
2017-08-08,BULL_CALM,0.5772072661,hurst_momentum_bull,0.7040450863,MOMENTUM,False,False,False
2017-08-09,BULL_CALM,0.6010928898,hurst_momentum_bull,0.7207650228,MOMENTUM,False,False,False
2017-08-10,BULL_CALM,0.5772902315,hurst_momentum_bull,0.704103162,MOMENTUM,False,False,False
2017-08-11,CHOPPY,0.5,hurst_momentum_vol_cluster_choppy,0.6957932823,MOMENTUM,False,True,True
2017-08-14,CHOPPY,0.5,hurst_momentum_vol_cluster_choppy,0.7184825436,MOMENTUM,False,True,True
2017-08-15,CHOPPY,0.5,hurst_momentum_vol_cluster_choppy,0.729698994,MOMENTUM,False,True,True
2017-08-16,CHOPPY,0,hurst_momentum_vol_cluster_choppy,0.7470223913,MOMENTUM,False,True,False
2017-08-17,CHOPPY,0,hurst_momentum_vol_cluster_choppy,0.7286066232,MOMENTUM,False,True,False
2017-08-18,CHOPPY,0,hurst_momentum_vol_cluster_choppy,0.6984617946,MOMENTUM,False,True,False
2017-08-21,CHOPPY,0,hurst_momentum_vol_cluster_choppy,0.6702551069,MOMENTUM,False,True,False
2017-08-22,CHOPPY,0,vol_cluster_choppy,0.6435710245,AMBIGUOUS,False,True,False
2017-08-23,CHOPPY,0,vol_cluster_choppy,0.6435040101,AMBIGUOUS,False,True,False
2017-08-24,BULL_CALM,0.5,dominant_gmm,0.6153551111,AMBIGUOUS,False,False,True
2017-08-25,BULL_CALM,0.5,dominant_gmm,0.6339966394,AMBIGUOUS,False,False,True
2017-08-28,BULL_CALM,0.5,dominant_gmm,0.6258246772,AMBIGUOUS,False,False,True
2017-08-29,BULL_CALM,0.8659634326,dominant_gmm,0.6381670124,AMBIGUOUS,False,False,False
2017-08-30,BULL_CALM,0.8487247079,dominant_gmm,0.5908995808,AMBIGUOUS,False,False,False
2017-08-31,BULL_CALM,0.9278544488,dominant_gmm,0.5881437971,AMBIGUOUS,False,False,False
2017-09-01,BULL_CALM,0.8158948862,dominant_gmm,0.5844784717,AMBIGUOUS,False,False,False
2017-09-05,BULL_CALM,0.8691870009,dominant_gmm,0.6216861816,AMBIGUOUS,False,False,False
2017-09-06,BULL_CALM,0.8762468833,dominant_gmm,0.6052482597,AMBIGUOUS,False,False,False
2017-09-07,BULL_CALM,0.8815141692,dominant_gmm,0.6113971983,AMBIGUOUS,False,False,False
2017-09-08,BULL_CALM,0.9242747173,dominant_gmm,0.6181366305,AMBIGUOUS,False,False,False
2017-09-11,BULL_CALM,0.9044378678,dominant_gmm,0.6261004247,AMBIGUOUS,False,False,False
2017-09-12,BULL_CALM,0.8145350802,dominant_gmm,0.5947608446,AMBIGUOUS,False,False,False
2017-09-13,BULL_CALM,0.827398191,dominant_gmm,0.5985600254,AMBIGUOUS,False,False,False
2017-09-14,BULL_CALM,0.8752361969,dominant_gmm,0.6169093096,AMBIGUOUS,False,False,False
2017-09-15,BULL_CALM,0.5047848039,hurst_momentum_bull,0.6533493627,MOMENTUM,False,False,False
2017-09-18,BULL_CALM,0.9216308818,dominant_gmm,0.6222639389,AMBIGUOUS,False,False,False
2017-09-19,BULL_CALM,0.9071066359,dominant_gmm,0.6077235835,AMBIGUOUS,False,False,False
2017-09-20,BULL_CALM,0.855543261,dominant_gmm,0.6027664763,AMBIGUOUS,False,False,False
2017-09-21,BULL_CALM,0.8781959742,dominant_gmm,0.610200061,AMBIGUOUS,False,False,False
2017-09-22,BULL_CALM,0.8665807267,dominant_gmm,0.6114073575,AMBIGUOUS,False,False,False
2017-09-25,BULL_CALM,0.8741837721,dominant_gmm,0.6187558742,AMBIGUOUS,False,False,False
2017-09-26,BULL_CALM,0.8709507194,dominant_gmm,0.6042234612,AMBIGUOUS,False,False,False
2017-09-27,BULL_CALM,0.5238107752,hurst_momentum_bull,0.6666675426,MOMENTUM,False,False,False
2017-09-28,BULL_CALM,0.5007190995,hurst_momentum_bull,0.6505033696,MOMENTUM,False,False,False
2017-09-29,BULL_CALM,0.516679721,hurst_momentum_bull,0.6616758047,MOMENTUM,False,False,False
2017-10-02,BULL_CALM,0.5214489502,hurst_momentum_bull,0.6650142651,MOMENTUM,False,False,False
2017-10-03,BULL_CALM,0.5293096932,hurst_momentum_bull,0.6705167852,MOMENTUM,False,False,False
2017-10-04,BULL_CALM,0.5560887904,hurst_momentum_bull,0.6892621532,MOMENTUM,False,False,False
2017-10-05,BULL_CALM,0.5177350009,hurst_momentum_bull,0.6624145007,MOMENTUM,False,False,False
2017-10-06,BULL_CALM,0.5152831271,hurst_momentum_bull,0.660698189,MOMENTUM,False,False,False
2017-10-09,BULL_CALM,0.5008735707,hurst_momentum_bull,0.6506114995,MOMENTUM,False,False,False
2017-10-10,BULL_CALM,0.7839495544,dominant_gmm,0.6306572251,AMBIGUOUS,False,False,False
2017-10-11,BULL_CALM,0.8403439168,dominant_gmm,0.6067579974,AMBIGUOUS,False,False,False
2017-10-12,BULL_CALM,0.996458784,dominant_gmm,0.591867707,AMBIGUOUS,False,False,False
2017-10-13,BULL_CALM,0.9846035902,dominant_gmm,0.5884217861,AMBIGUOUS,False,False,False
2017-10-16,BULL_CALM,0.9861826485,dominant_gmm,0.5925584078,AMBIGUOUS,False,False,False
2017-10-17,BULL_CALM,0.9984686896,dominant_gmm,0.5974764402,AMBIGUOUS,False,False,False
2017-10-18,BULL_CALM,0.9915233937,dominant_gmm,0.6042146146,AMBIGUOUS,False,False,False
2017-10-19,BULL_CALM,0.9919313372,dominant_gmm,0.6119782,AMBIGUOUS,False,False,False
2017-10-20,BULL_CALM,0.9996468888,dominant_gmm,0.6136006657,AMBIGUOUS,False,False,False
2017-10-23,BULL_CALM,0.9999684683,dominant_gmm,0.6137262509,AMBIGUOUS,False,False,False
2017-10-24,BULL_CALM,0.9999996518,dominant_gmm,0.6245891172,AMBIGUOUS,False,False,False
2017-10-25,BULL_CALM,0.9999960504,dominant_gmm,0.6316062235,AMBIGUOUS,False,False,False
2017-10-26,BULL_CALM,0.5046106139,hurst_momentum_bull,0.6532274297,MOMENTUM,False,False,False
2017-10-27,BULL_CALM,0.5205823196,hurst_momentum_bull,0.6644076237,MOMENTUM,False,False,False
2017-10-30,BULL_CALM,0.5265087093,hurst_momentum_bull,0.6685560965,MOMENTUM,False,False,False
2017-10-31,BULL_CALM,0.5347165932,hurst_momentum_bull,0.6743016152,MOMENTUM,False,False,False
2017-11-01,BULL_CALM,0.5596444853,hurst_momentum_bull,0.6917511397,MOMENTUM,False,False,False
2017-11-02,BULL_CALM,0.5623221564,hurst_momentum_bull,0.6936255095,MOMENTUM,False,False,False
2017-11-03,BULL_CALM,0.5811459993,hurst_momentum_bull,0.7068021995,MOMENTUM,False,False,False
2017-11-06,BULL_CALM,0.5608552787,hurst_momentum_bull,0.6925986951,MOMENTUM,False,False,False
2017-11-07,BULL_CALM,0.5482740935,hurst_momentum_bull,0.6837918655,MOMENTUM,False,False,False
2017-11-08,BULL_CALM,0.5393921567,hurst_momentum_bull,0.6775745097,MOMENTUM,False,False,False
2017-11-09,BULL_CALM,0.5431571521,hurst_momentum_bull,0.6802100065,MOMENTUM,False,False,False
2017-11-10,BULL_CALM,0.5914808655,hurst_momentum_bull,0.7140366059,MOMENTUM,False,False,False
2017-11-13,BULL_CALM,0.5865765582,hurst_momentum_bull,0.7106035908,MOMENTUM,False,False,False
2017-11-14,BULL_CALM,0.5785769487,hurst_momentum_bull,0.7050038641,MOMENTUM,False,False,False
2017-11-15,BULL_CALM,0.9378618297,dominant_gmm,0.6432231001,AMBIGUOUS,False,False,False
2017-11-16,CHOPPY,0.5,vol_cluster_choppy,0.6268086673,AMBIGUOUS,False,True,True
2017-11-17,CHOPPY,0.5,vol_cluster_choppy,0.6322846851,AMBIGUOUS,False,True,True
2017-11-20,CHOPPY,0.5,vol_cluster_choppy,0.6374332307,AMBIGUOUS,False,True,True
2017-11-21,CHOPPY,0,vol_cluster_choppy,0.6435764378,AMBIGUOUS,False,True,False
2017-11-22,BULL_CALM,0.5,hurst_momentum_bull,0.6535063173,MOMENTUM,False,False,True
2017-11-24,BULL_CALM,0.5,hurst_momentum_bull,0.6527898111,MOMENTUM,False,False,True
2017-11-27,BULL_CALM,0.5,hurst_momentum_bull,0.654042223,MOMENTUM,False,False,True
2017-11-28,BULL_CALM,0.9932231349,dominant_gmm,0.647230569,AMBIGUOUS,False,False,False
2017-11-29,BULL_CALM,0.9914400434,dominant_gmm,0.6290200552,AMBIGUOUS,False,False,False
2017-11-30,BULL_CALM,0.9538784947,dominant_gmm,0.6188535836,AMBIGUOUS,False,False,False
2017-12-01,BULL_CALM,0.9849069352,dominant_gmm,0.6310353937,AMBIGUOUS,False,False,False
2017-12-04,BULL_CALM,0.5717484775,hurst_momentum_bull,0.7002239342,MOMENTUM,False,False,False
2017-12-05,BULL_CALM,0.5593492679,hurst_momentum_bull,0.6915444875,MOMENTUM,False,False,False
2017-12-06,BULL_CALM,0.5645273657,hurst_momentum_bull,0.695169156,MOMENTUM,False,False,False
2017-12-07,BULL_CALM,0.6177614055,hurst_momentum_bull,0.7324329838,MOMENTUM,False,False,False
2017-12-08,BULL_CALM,0.6710070967,hurst_momentum_bull,0.7697049677,MOMENTUM,False,False,False
2017-12-11,BULL_CALM,0.7047146331,hurst_momentum_bull,0.7933002432,MOMENTUM,False,False,False
2017-12-12,BULL_CALM,0.6824217573,hurst_momentum_bull,0.7776952301,MOMENTUM,False,False,False
2017-12-13,BULL_CALM,0.6707397069,hurst_momentum_bull,0.7695177948,MOMENTUM,False,False,False
2017-12-14,BULL_CALM,0.6429189807,hurst_momentum_bull,0.7500432865,MOMENTUM,False,False,False
2017-12-15,BULL_CALM,0.657636932,hurst_momentum_bull,0.7603458524,MOMENTUM,False,False,False
2017-12-18,BULL_CALM,0.6430558531,hurst_momentum_bull,0.7501390972,MOMENTUM,False,False,False
2017-12-19,BULL_CALM,0.6285458133,hurst_momentum_bull,0.7399820693,MOMENTUM,False,False,False
2017-12-20,BULL_CALM,0.612868494,hurst_momentum_bull,0.7290079458,MOMENTUM,False,False,False
2017-12-21,BULL_CALM,0.6201662203,hurst_momentum_bull,0.7341163542,MOMENTUM,False,False,False
2017-12-22,BULL_CALM,0.6283385018,hurst_momentum_bull,0.7398369513,MOMENTUM,False,False,False
2017-12-26,BULL_CALM,0.6277251314,hurst_momentum_bull,0.739407592,MOMENTUM,False,False,False
2017-12-27,BULL_CALM,0.5913860039,hurst_momentum_bull,0.7139702028,MOMENTUM,False,False,False
2017-12-28,BULL_CALM,0.5742706097,hurst_momentum_bull,0.7019894268,MOMENTUM,False,False,False
2017-12-29,BULL_CALM,0.5306589558,hurst_momentum_bull,0.671461269,MOMENTUM,False,False,False
2018-01-02,BULL_CALM,0.982375767,dominant_gmm,0.6353393275,AMBIGUOUS,False,False,False
2018-01-03,BULL_CALM,0.9815258567,dominant_gmm,0.6209125583,AMBIGUOUS,False,False,False
2018-01-04,BULL_CALM,0.9860988756,dominant_gmm,0.6258092404,AMBIGUOUS,False,False,False
2018-01-05,BULL_CALM,0.9542148969,dominant_gmm,0.6297197553,AMBIGUOUS,False,False,False
2018-01-08,BULL_CALM,0.9011367303,dominant_gmm,0.6340921496,AMBIGUOUS,False,False,False
2018-01-09,BULL_CALM,0.9599343616,dominant_gmm,0.644234875,AMBIGUOUS,False,False,False
2018-01-10,BULL_CALM,0.8082495586,dominant_gmm,0.6462293702,AMBIGUOUS,False,False,False
2018-01-11,BULL_CALM,0.5089188695,hurst_momentum_bull,0.6562432087,MOMENTUM,False,False,False
2018-01-12,BULL_CALM,0.5125799442,hurst_momentum_bull,0.658805961,MOMENTUM,False,False,False
2018-01-16,BULL_CALM,0.5218134039,hurst_momentum_bull,0.6652693827,MOMENTUM,False,False,False
2018-01-17,BULL_CALM,0.5460221039,hurst_momentum_bull,0.6822154727,MOMENTUM,False,False,False
2018-01-18,BULL_CALM,0.5536458243,hurst_momentum_bull,0.687552077,MOMENTUM,False,False,False
2018-01-19,BULL_CALM,0.5587597211,hurst_momentum_bull,0.6911318048,MOMENTUM,False,False,False
2018-01-22,BULL_CALM,0.584517646,hurst_momentum_bull,0.7091623522,MOMENTUM,False,False,False
2018-01-23,BULL_CALM,0.6006113346,hurst_momentum_bull,0.7204279342,MOMENTUM,False,False,False
2018-01-24,BULL_CALM,0.603345313,hurst_momentum_bull,0.7223417191,MOMENTUM,False,False,False
2018-01-25,BULL_CALM,0.6037416794,hurst_momentum_bull,0.7226191756,MOMENTUM,False,False,False
2018-01-26,BULL_CALM,0.6505576972,hurst_momentum_bull,0.755390388,MOMENTUM,False,False,False
2018-01-29,BULL_CALM,0.6666791841,hurst_momentum_bull,0.7666754288,MOMENTUM,False,False,False
2018-01-30,BULL_CALM,0.6668501522,hurst_momentum_bull,0.7667951065,MOMENTUM,False,False,False
2018-01-31,BULL_CALM,0.6485488721,hurst_momentum_bull,0.7539842105,MOMENTUM,False,False,False
2018-02-01,BULL_CALM,0.677001935,hurst_momentum_bull,0.7739013545,MOMENTUM,False,False,False
2018-02-02,CHOPPY,0.5,hurst_momentum_vol_cluster_choppy,0.7783609177,MOMENTUM,False,True,True
2018-02-05,BEAR,0.5,hard_bear,0.7777296612,MOMENTUM,True,False,True
2018-02-06,BEAR,0.5,hard_bear,0.7965171753,MOMENTUM,True,True,True
2018-02-07,BEAR,1,hard_bear,0.8000651171,MOMENTUM,True,False,False
2018-02-08,BEAR,1,hard_bear,0.804527268,MOMENTUM,True,False,False
2018-02-09,BEAR,1,hard_bear,0.801045916,MOMENTUM,True,False,False
2018-02-12,BEAR,1,hard_bear,0.7718380712,MOMENTUM,True,False,False
2018-02-13,BEAR,1,hard_bear,0.7725464243,MOMENTUM,True,False,False
2018-02-14,BEAR,1,hard_bear,0.7716655336,MOMENTUM,True,False,False
2018-02-15,BULL_CALM,0.5,hurst_momentum_bull,0.7653071758,MOMENTUM,False,False,True
2018-02-16,BULL_CALM,0.5,hurst_momentum_bull,0.7422758545,MOMENTUM,False,False,True
2018-02-20,BULL_CALM,0.5,hurst_momentum_bull,0.7598976123,MOMENTUM,False,False,True
2018-02-21,BULL_CALM,0.6639656717,hurst_momentum_bull,0.7647759702,MOMENTUM,False,False,False
2018-02-22,BULL_CALM,0.679253545,hurst_momentum_bull,0.7754774815,MOMENTUM,False,False,False
2018-02-23,BULL_CALM,0.6557010582,hurst_momentum_bull,0.7589907407,MOMENTUM,False,False,False
2018-02-26,BULL_CALM,0.6870498028,hurst_momentum_bull,0.780934862,MOMENTUM,False,False,False
2018-02-27,BULL_CALM,0.6908064408,hurst_momentum_bull,0.7835645086,MOMENTUM,False,False,False
2018-02-28,BULL_CALM,0.7204306564,hurst_momentum_bull,0.8043014594,MOMENTUM,False,False,False
2018-03-01,BULL_CALM,0.6732188071,hurst_momentum_bull,0.771253165,MOMENTUM,False,False,False
2018-03-02,BULL_CALM,0.7063749577,hurst_momentum_bull,0.7944624704,MOMENTUM,False,False,False
2018-03-05,BULL_CALM,0.6993556985,hurst_momentum_bull,0.7895489889,MOMENTUM,False,False,False
2018-03-06,BULL_CALM,0.6899608472,hurst_momentum_bull,0.7829725931,MOMENTUM,False,False,False
2018-03-07,BULL_CALM,0.6861229619,hurst_momentum_bull,0.7802860733,MOMENTUM,False,False,False
2018-03-08,BULL_CALM,0.7383788161,hurst_momentum_bull,0.8168651712,MOMENTUM,False,False,False
2018-03-09,BULL_CALM,0.7409402304,hurst_momentum_bull,0.8186581613,MOMENTUM,False,False,False
2018-03-12,BULL_CALM,0.7478044449,hurst_momentum_bull,0.8234631114,MOMENTUM,False,False,False
2018-03-13,BULL_CALM,0.7362409432,hurst_momentum_bull,0.8153686602,MOMENTUM,False,False,False
2018-03-14,BULL_CALM,0.7392110815,hurst_momentum_bull,0.8174477571,MOMENTUM,False,False,False
2018-03-15,BULL_CALM,0.725946327,hurst_momentum_bull,0.8081624289,MOMENTUM,False,False,False
2018-03-16,BULL_CALM,0.7158906515,hurst_momentum_bull,0.8011234561,MOMENTUM,False,False,False
2018-03-19,BULL_CALM,0.7191019312,hurst_momentum_bull,0.8033713519,MOMENTUM,False,False,False
2018-03-20,BULL_CALM,0.736926159,hurst_momentum_bull,0.8158483113,MOMENTUM,False,False,False
2018-03-21,BULL_CALM,0.7611136182,hurst_momentum_bull,0.8327795328,MOMENTUM,False,False,False
2018-03-22,BEAR,0.5,hard_bear,0.8128817208,MOMENTUM,True,False,True
2018-03-23,BEAR,0.5,hard_bear,0.7818063342,MOMENTUM,True,False,True
2018-03-26,BEAR,0.5,hard_bear,0.7889666449,MOMENTUM,True,False,True
2018-03-27,BEAR,1,hard_bear,0.780988796,MOMENTUM,True,False,False
2018-03-28,BEAR,1,hard_bear,0.7724245741,MOMENTUM,True,False,False
2018-03-29,BEAR,1,hard_bear,0.7787675467,MOMENTUM,True,True,False
2018-04-02,BEAR,1,hard_bear,0.7884081803,MOMENTUM,True,False,False
2018-04-03,BEAR,1,hard_bear,0.7801676266,MOMENTUM,True,False,False
2018-04-04,BULL_CALM,0.5,hurst_momentum_bull,0.7816163015,MOMENTUM,False,False,True
2018-04-05,BULL_CALM,0.5,hurst_momentum_bull,0.7712890991,MOMENTUM,False,False,True
2018-04-06,BEAR,0.5,hard_bear,0.7801800989,MOMENTUM,True,False,True
2018-04-09,BULL_CALM,0.5,hurst_momentum_bull,0.7822580258,MOMENTUM,False,False,True
2018-04-10,BULL_CALM,0.5,hurst_momentum_bull,0.7820721407,MOMENTUM,False,False,True
2018-04-11,BULL_CALM,0.5,hurst_momentum_bull,0.7754236358,MOMENTUM,False,False,True
2018-04-12,BULL_CALM,0.6973843149,hurst_momentum_bull,0.7881690205,MOMENTUM,False,False,False
2018-04-13,BULL_CALM,0.6750396493,hurst_momentum_bull,0.7725277545,MOMENTUM,False,False,False
2018-04-16,BULL_CALM,0.665513813,hurst_momentum_bull,0.7658596691,MOMENTUM,False,False,False
2018-04-17,BULL_CALM,0.6694159434,hurst_momentum_bull,0.7685911604,MOMENTUM,False,False,False
2018-04-18,BULL_CALM,0.6509526927,hurst_momentum_bull,0.7556668849,MOMENTUM,False,False,False
2018-04-19,BULL_CALM,0.6490789404,hurst_momentum_bull,0.7543552583,MOMENTUM,False,False,False
2018-04-20,BULL_CALM,0.6467101766,hurst_momentum_bull,0.7526971236,MOMENTUM,False,False,False
2018-04-23,BULL_CALM,0.6263099586,hurst_momentum_bull,0.738416971,MOMENTUM,False,False,False
2018-04-24,BULL_CALM,0.6242387512,hurst_momentum_bull,0.7369671259,MOMENTUM,False,False,False
2018-04-25,BULL_CALM,0.6362056951,hurst_momentum_bull,0.7453439865,MOMENTUM,False,False,False
2018-04-26,BULL_CALM,0.6174631858,hurst_momentum_bull,0.73222423,MOMENTUM,False,False,False
2018-04-27,BULL_CALM,0.6513022583,hurst_momentum_bull,0.7559115808,MOMENTUM,False,False,False
2018-04-30,BULL_CALM,0.647694219,hurst_momentum_bull,0.7533859533,MOMENTUM,False,False,False
2018-05-01,BULL_CALM,0.6126951507,hurst_momentum_bull,0.7288866055,MOMENTUM,False,False,False
2018-05-02,BULL_CALM,0.6202327301,hurst_momentum_bull,0.7341629111,MOMENTUM,False,False,False
2018-05-03,BULL_CALM,0.6082039938,hurst_momentum_bull,0.7257427956,MOMENTUM,False,False,False
2018-05-04,BULL_CALM,0.5766393471,hurst_momentum_bull,0.703647543,MOMENTUM,False,False,False
2018-05-07,BULL_CALM,0.5195707704,hurst_momentum_bull,0.6636995393,MOMENTUM,False,False,False
2018-05-08,BULL_CALM,0.5750413479,hurst_momentum_bull,0.7025289436,MOMENTUM,False,False,False
2018-05-09,BULL_CALM,0.562905483,hurst_momentum_bull,0.6940338381,MOMENTUM,False,False,False
2018-05-10,BULL_CALM,0.566850912,hurst_momentum_bull,0.6967956384,MOMENTUM,False,False,False
2018-05-11,BULL_CALM,0.5514529171,hurst_momentum_bull,0.686017042,MOMENTUM,False,False,False
2018-05-14,BULL_CALM,0.5193556343,hurst_momentum_bull,0.663548944,MOMENTUM,False,False,False
2018-05-15,BULL_CALM,0.5071776248,hurst_momentum_bull,0.6550243374,MOMENTUM,False,False,False
2018-05-16,BULL_CALM,0.5105820272,hurst_momentum_bull,0.657407419,MOMENTUM,False,False,False
2018-05-17,BULL_CALM,0.5207723207,hurst_momentum_bull,0.6645406245,MOMENTUM,False,False,False
2018-05-18,BULL_CALM,0.5188268252,hurst_momentum_bull,0.6631787777,MOMENTUM,False,False,False
2018-05-21,BULL_CALM,0.5360348878,hurst_momentum_bull,0.6752244215,MOMENTUM,False,False,False
2018-05-22,BULL_CALM,0.5392785305,hurst_momentum_bull,0.6774949713,MOMENTUM,False,False,False
2018-05-23,BULL_CALM,0.554192382,hurst_momentum_bull,0.6879346674,MOMENTUM,False,False,False
2018-05-24,BULL_CALM,0.5396967617,hurst_momentum_bull,0.6777877332,MOMENTUM,False,False,False
2018-05-25,BULL_CALM,0.5598077795,hurst_momentum_bull,0.6918654456,MOMENTUM,False,False,False
2018-05-29,BULL_CALM,0.583243561,hurst_momentum_bull,0.7082704927,MOMENTUM,False,False,False
2018-05-30,BULL_CALM,0.6057501005,hurst_momentum_bull,0.7240250703,MOMENTUM,False,False,False
2018-05-31,BULL_CALM,0.6390578345,hurst_momentum_bull,0.7473404841,MOMENTUM,False,False,False
2018-06-01,BULL_CALM,0.6448531767,hurst_momentum_bull,0.7513972237,MOMENTUM,False,False,False
2018-06-04,BULL_CALM,0.6396607399,hurst_momentum_bull,0.7477625179,MOMENTUM,False,False,False
2018-06-05,BULL_CALM,0.6468486761,hurst_momentum_bull,0.7527940733,MOMENTUM,False,False,False
2018-06-06,BULL_CALM,0.6285537459,hurst_momentum_bull,0.7399876221,MOMENTUM,False,False,False
2018-06-07,BULL_CALM,0.6304835427,hurst_momentum_bull,0.7413384799,MOMENTUM,False,False,False
2018-06-08,BULL_CALM,0.6106306293,hurst_momentum_bull,0.7274414405,MOMENTUM,False,False,False
2018-06-11,BULL_CALM,0.6448103214,hurst_momentum_bull,0.751367225,MOMENTUM,False,False,False
2018-06-12,BULL_CALM,0.613215952,hurst_momentum_bull,0.7292511664,MOMENTUM,False,False,False
2018-06-13,BULL_CALM,0.6084978553,hurst_momentum_bull,0.7259484987,MOMENTUM,False,False,False
2018-06-14,BULL_CALM,0.5919906775,hurst_momentum_bull,0.7143934743,MOMENTUM,False,False,False
2018-06-15,BULL_CALM,0.5943116289,hurst_momentum_bull,0.7160181402,MOMENTUM,False,False,False
2018-06-18,BULL_CALM,0.5453265304,hurst_momentum_bull,0.6817285713,MOMENTUM,False,False,False
2018-06-19,BULL_CALM,0.5746212434,hurst_momentum_bull,0.7022348704,MOMENTUM,False,False,False
2018-06-20,BULL_CALM,0.5695272187,hurst_momentum_bull,0.6986690531,MOMENTUM,False,False,False
2018-06-21,BULL_CALM,0.52998098,hurst_momentum_bull,0.670986686,MOMENTUM,False,False,False
2018-06-22,BULL_CALM,0.9018273326,dominant_gmm,0.6353199254,AMBIGUOUS,False,False,False
2018-06-25,BULL_CALM,0.5848823796,hurst_momentum_bull,0.7094176657,MOMENTUM,False,False,False
2018-06-26,BULL_CALM,0.5602392049,hurst_momentum_bull,0.6921674434,MOMENTUM,False,False,False
2018-06-27,BULL_CALM,0.5817048824,hurst_momentum_bull,0.7071934177,MOMENTUM,False,False,False
2018-06-28,BULL_CALM,0.5960148036,hurst_momentum_bull,0.7172103625,MOMENTUM,False,False,False
2018-06-29,BULL_CALM,0.6517369618,hurst_momentum_bull,0.7562158733,MOMENTUM,False,False,False
2018-07-02,BULL_CALM,0.6448671865,hurst_momentum_bull,0.7514070306,MOMENTUM,False,False,False
2018-07-03,BULL_CALM,0.6525591267,hurst_momentum_bull,0.7567913887,MOMENTUM,False,False,False
2018-07-05,BULL_CALM,0.6443077286,hurst_momentum_bull,0.75101541,MOMENTUM,False,False,False
2018-07-06,BULL_CALM,0.7616850603,hurst_momentum_bull,0.8331795422,MOMENTUM,False,False,False
2018-07-09,BULL_CALM,0.7507163031,hurst_momentum_bull,0.8255014121,MOMENTUM,False,False,False
2018-07-10,BULL_CALM,0.7041892039,hurst_momentum_bull,0.7929324427,MOMENTUM,False,False,False
2018-07-11,BULL_CALM,0.7369198309,hurst_momentum_bull,0.8158438816,MOMENTUM,False,False,False
2018-07-12,BULL_CALM,0.6986177166,hurst_momentum_bull,0.7890324016,MOMENTUM,False,False,False
2018-07-13,BULL_CALM,0.7392809647,hurst_momentum_bull,0.8174966753,MOMENTUM,False,False,False
2018-07-16,BULL_CALM,0.7089752487,hurst_momentum_bull,0.7962826741,MOMENTUM,False,False,False
2018-07-17,BULL_CALM,0.7269569292,hurst_momentum_bull,0.8088698504,MOMENTUM,False,False,False
2018-07-18,BULL_CALM,0.7364854225,hurst_momentum_bull,0.8155397957,MOMENTUM,False,False,False
2018-07-19,BULL_CALM,0.7395700755,hurst_momentum_bull,0.8176990529,MOMENTUM,False,False,False
2018-07-20,BULL_CALM,0.7189704036,hurst_momentum_bull,0.8032792825,MOMENTUM,False,False,False
2018-07-23,BULL_CALM,0.7222084387,hurst_momentum_bull,0.8055459071,MOMENTUM,False,False,False
2018-07-24,BULL_CALM,0.7113850759,hurst_momentum_bull,0.7979695531,MOMENTUM,False,False,False
2018-07-25,BULL_CALM,0.71573918,hurst_momentum_bull,0.801017426,MOMENTUM,False,False,False
2018-07-26,BULL_CALM,0.7385373599,hurst_momentum_bull,0.8169761519,MOMENTUM,False,False,False
2018-07-27,BULL_CALM,0.7151574637,hurst_momentum_bull,0.8006102246,MOMENTUM,False,False,False
2018-07-30,BULL_CALM,0.719407891,hurst_momentum_bull,0.8035855237,MOMENTUM,False,False,False
2018-07-31,BULL_CALM,0.7221371453,hurst_momentum_bull,0.8054960017,MOMENTUM,False,False,False
2018-08-01,BULL_CALM,0.7789034597,hurst_momentum_bull,0.8452324218,MOMENTUM,False,False,False
2018-08-02,BULL_CALM,0.7791654399,hurst_momentum_bull,0.845415808,MOMENTUM,False,False,False
2018-08-03,BULL_CALM,0.7337516765,hurst_momentum_bull,0.8136261736,MOMENTUM,False,False,False
2018-08-06,BULL_CALM,0.712190166,hurst_momentum_bull,0.7985331162,MOMENTUM,False,False,False
2018-08-07,BULL_CALM,0.6960531385,hurst_momentum_bull,0.787237197,MOMENTUM,False,False,False
2018-08-08,BULL_CALM,0.677990298,hurst_momentum_bull,0.7745932086,MOMENTUM,False,False,False
2018-08-09,BULL_CALM,0.6872265075,hurst_momentum_bull,0.7810585552,MOMENTUM,False,False,False
2018-08-10,BULL_CALM,0.6803056271,hurst_momentum_bull,0.776213939,MOMENTUM,False,False,False
2018-08-13,BULL_CALM,0.6728594013,hurst_momentum_bull,0.7710015809,MOMENTUM,False,False,False
2018-08-14,BULL_CALM,0.6345183599,hurst_momentum_bull,0.7441628519,MOMENTUM,False,False,False
2018-08-15,BULL_CALM,0.658083006,hurst_momentum_bull,0.7606581042,MOMENTUM,False,False,False
2018-08-16,BULL_CALM,0.6523994531,hurst_momentum_bull,0.7566796171,MOMENTUM,False,False,False
2018-08-17,BULL_CALM,0.6303000657,hurst_momentum_bull,0.741210046,MOMENTUM,False,False,False
2018-08-20,BULL_CALM,0.6748102349,hurst_momentum_bull,0.7723671644,MOMENTUM,False,False,False
2018-08-21,BULL_CALM,0.6499900332,hurst_momentum_bull,0.7549930232,MOMENTUM,False,False,False
2018-08-22,BULL_CALM,0.6443872589,hurst_momentum_bull,0.7510710813,MOMENTUM,False,False,False
2018-08-23,BULL_CALM,0.6310903622,hurst_momentum_bull,0.7417632535,MOMENTUM,False,False,False
2018-08-24,BULL_CALM,0.630990457,hurst_momentum_bull,0.7416933199,MOMENTUM,False,False,False
2018-08-27,BULL_CALM,0.6756357062,hurst_momentum_bull,0.7729449944,MOMENTUM,False,False,False
2018-08-28,BULL_CALM,0.6567749032,hurst_momentum_bull,0.7597424323,MOMENTUM,False,False,False
2018-08-29,BULL_CALM,0.7066116764,hurst_momentum_bull,0.7946281735,MOMENTUM,False,False,False
2018-08-30,BULL_CALM,0.6951169322,hurst_momentum_bull,0.7865818525,MOMENTUM,False,False,False
2018-08-31,BULL_CALM,0.666465933,hurst_momentum_bull,0.7665261531,MOMENTUM,False,False,False
2018-09-04,BULL_CALM,0.6714047126,hurst_momentum_bull,0.7699832989,MOMENTUM,False,False,False
2018-09-05,BULL_CALM,0.6577486715,hurst_momentum_bull,0.7604240701,MOMENTUM,False,False,False
2018-09-06,BULL_CALM,0.6610240665,hurst_momentum_bull,0.7627168466,MOMENTUM,False,False,False
2018-09-07,BULL_CALM,0.6622972767,hurst_momentum_bull,0.7636080937,MOMENTUM,False,False,False
2018-09-10,BULL_CALM,0.6753044696,hurst_momentum_bull,0.7727131287,MOMENTUM,False,False,False
2018-09-11,BULL_CALM,0.6837106523,hurst_momentum_bull,0.7785974566,MOMENTUM,False,False,False
2018-09-12,BULL_CALM,0.6895927249,hurst_momentum_bull,0.7827149074,MOMENTUM,False,False,False
2018-09-13,BULL_CALM,0.7013943817,hurst_momentum_bull,0.7909760672,MOMENTUM,False,False,False
2018-09-14,BULL_CALM,0.6835502639,hurst_momentum_bull,0.7784851847,MOMENTUM,False,False,False
2018-09-17,BULL_CALM,0.6770619137,hurst_momentum_bull,0.7739433396,MOMENTUM,False,False,False
2018-09-18,BULL_CALM,0.6520770869,hurst_momentum_bull,0.7564539608,MOMENTUM,False,False,False
2018-09-19,BULL_CALM,0.6635197164,hurst_momentum_bull,0.7644638015,MOMENTUM,False,False,False
2018-09-20,BULL_CALM,0.6110021204,hurst_momentum_bull,0.7277014843,MOMENTUM,False,False,False
2018-09-21,BULL_CALM,0.6142210881,hurst_momentum_bull,0.7299547617,MOMENTUM,False,False,False
2018-09-24,BULL_CALM,0.5611454352,hurst_momentum_bull,0.6928018047,MOMENTUM,False,False,False
2018-09-25,BULL_CALM,0.5713639619,hurst_momentum_bull,0.6999547733,MOMENTUM,False,False,False
2018-09-26,BULL_CALM,0.5866994881,hurst_momentum_bull,0.7106896416,MOMENTUM,False,False,False
2018-09-27,BULL_CALM,0.5892497602,hurst_momentum_bull,0.7124748322,MOMENTUM,False,False,False
2018-09-28,BULL_CALM,0.6004841885,hurst_momentum_bull,0.7203389319,MOMENTUM,False,False,False
2018-10-01,BULL_CALM,0.6073977493,hurst_momentum_bull,0.7251784245,MOMENTUM,False,False,False
2018-10-02,BULL_CALM,0.6403757739,hurst_momentum_bull,0.7482630417,MOMENTUM,False,False,False
2018-10-03,BULL_CALM,0.5911684134,hurst_momentum_bull,0.7138178894,MOMENTUM,False,False,False
2018-10-04,BULL_CALM,0.5571318541,hurst_momentum_bull,0.6899922979,MOMENTUM,False,False,False
2018-10-05,BULL_CALM,0.5360392486,hurst_momentum_bull,0.675227474,MOMENTUM,False,False,False
2018-10-08,BULL_CALM,0.5295979494,hurst_momentum_bull,0.6707185646,MOMENTUM,False,False,False
2018-10-09,BULL_CALM,0.5686997893,hurst_momentum_bull,0.6980898525,MOMENTUM,False,False,False
2018-10-10,BEAR,0.5,hard_bear,0.6681029756,MOMENTUM,True,False,True
2018-10-11,BEAR,0.5,hard_bear,0.6671998827,MOMENTUM,True,False,True
2018-10-12,BEAR,0.5,hard_bear,0.6693388374,MOMENTUM,True,False,True
2018-10-15,BEAR,1,hard_bear,0.671922009,MOMENTUM,True,False,False
2018-10-16,BEAR,1,hard_bear,0.6768868717,MOMENTUM,True,False,False
2018-10-17,BEAR,1,hard_bear,0.7101322719,MOMENTUM,True,False,False
2018-10-18,BEAR,0.604628771,hurst_momentum_spy_bearish,0.7232401397,MOMENTUM,False,False,False
2018-10-19,BEAR,0.6048429997,hurst_momentum_spy_bearish,0.7233900998,MOMENTUM,False,False,False
2018-10-22,BEAR,0.5921452902,hurst_momentum_spy_bearish,0.7145017031,MOMENTUM,False,False,False
2018-10-23,BEAR,0.620302567,hurst_momentum_spy_bearish,0.7342117969,MOMENTUM,False,False,False
2018-10-24,BEAR,1,hard_bear,0.7322918967,MOMENTUM,True,False,False
2018-10-25,BEAR,1,hard_bear,0.7502462592,MOMENTUM,True,False,False
2018-10-26,BEAR,1,hard_bear,0.7516535472,MOMENTUM,True,False,False
2018-10-29,BEAR,1,hard_bear,0.7546761995,MOMENTUM,True,False,False
2018-10-30,BEAR,1,hard_bear,0.7469121978,MOMENTUM,True,False,False
2018-10-31,BEAR,0.6427613339,hurst_momentum_spy_bearish,0.7499329337,MOMENTUM,False,False,False
2018-11-01,BEAR,0.6581489109,hurst_momentum_spy_bearish,0.7607042376,MOMENTUM,False,False,False
2018-11-02,BEAR,0.6581161564,hurst_momentum_spy_bearish,0.7606813094,MOMENTUM,False,False,False
2018-11-05,BEAR,0.6705066589,hurst_momentum_spy_bearish,0.7693546612,MOMENTUM,False,False,False
2018-11-06,BEAR,0.6456571239,hurst_momentum_spy_bearish,0.7519599867,MOMENTUM,False,False,False
2018-11-07,BULL_CALM,0.5,hurst_momentum_bull,0.7309439159,MOMENTUM,False,False,True
2018-11-08,BULL_CALM,0.5,hurst_momentum_bull,0.7171491759,MOMENTUM,False,False,True
2018-11-09,BULL_CALM,0.5,hurst_momentum_bull,0.7059277416,MOMENTUM,False,False,True
2018-11-12,BEAR,0.5,hurst_momentum_spy_bearish,0.7329701649,MOMENTUM,False,True,True
2018-11-13,BEAR,0.5,hurst_momentum_spy_bearish,0.736457164,MOMENTUM,False,False,True
2018-11-14,BEAR,0.5,hurst_momentum_spy_bearish,0.698962032,MOMENTUM,False,False,True
2018-11-15,BEAR,0.5458609166,hurst_momentum_spy_bearish,0.6821026416,MOMENTUM,False,False,False
2018-11-16,BEAR,0.5447805863,hurst_momentum_spy_bearish,0.6813464104,MOMENTUM,False,False,False
2018-11-19,BEAR,0.5297558612,hurst_momentum_spy_bearish,0.6708291028,MOMENTUM,False,False,False
2018-11-20,BEAR,0.5288168109,hurst_momentum_spy_bearish,0.6701717676,MOMENTUM,False,False,False
2018-11-21,BEAR,0.536865577,hurst_momentum_spy_bearish,0.6758059039,MOMENTUM,False,False,False
2018-11-23,BEAR,0.5128556756,hurst_momentum_spy_bearish,0.6589989729,MOMENTUM,False,False,False
2018-11-26,BEAR,0.5844531842,hurst_momentum_spy_bearish,0.7091172289,MOMENTUM,False,False,False
2018-11-27,BEAR,0.5854997197,hurst_momentum_spy_bearish,0.7098498038,MOMENTUM,False,False,False
2018-11-28,BEAR,0.6536712507,hurst_momentum_spy_bearish,0.7575698755,MOMENTUM,False,False,False
2018-11-29,BEAR,0.6413126326,hurst_momentum_spy_bearish,0.7489188428,MOMENTUM,False,False,False
2018-11-30,BEAR,0.6464914812,hurst_momentum_spy_bearish,0.7525440368,MOMENTUM,False,False,False
2018-12-03,BULL_CALM,0.5,hurst_momentum_bull,0.749433971,MOMENTUM,False,False,True
2018-12-04,BEAR,0.5,hard_bear,0.7420082554,MOMENTUM,True,True,True
2018-12-06,BEAR,0.5,hard_bear,0.7462364788,MOMENTUM,True,False,True
2018-12-07,BEAR,1,hard_bear,0.7532071159,MOMENTUM,True,False,False
2018-12-10,BEAR,1,hard_bear,0.7431787433,MOMENTUM,True,False,False
2018-12-11,BEAR,1,hard_bear,0.7465577007,MOMENTUM,True,False,False
2018-12-12,BEAR,0.6158354449,hurst_momentum_spy_bearish,0.7310848114,MOMENTUM,False,False,False
2018-12-13,BEAR,0.6114351169,hurst_momentum_spy_bearish,0.7280045819,MOMENTUM,False,False,False
2018-12-14,BEAR,0.5969400638,hurst_momentum_spy_bearish,0.7178580447,MOMENTUM,False,False,False
2018-12-17,BEAR,0.596466052,hurst_momentum_spy_bearish,0.7175262364,MOMENTUM,False,False,False
2018-12-18,BEAR,0.5736437384,hurst_momentum_spy_bearish,0.7015506169,MOMENTUM,False,False,False
2018-12-19,BEAR,1,hard_bear,0.7052400822,MOMENTUM,True,False,False
2018-12-20,BEAR,1,hard_bear,0.6869360017,MOMENTUM,True,False,False
2018-12-21,BEAR,1,hard_bear,0.6884940027,MOMENTUM,True,False,False
2018-12-24,BEAR,1,hard_bear,0.7036501864,MOMENTUM,True,False,False
2018-12-26,BEAR,1,hard_bear,0.7124770079,MOMENTUM,True,False,False
2018-12-27,BEAR,1,hard_bear,0.7127434008,MOMENTUM,True,False,False
2018-12-28,BEAR,1,hard_bear,0.7224013623,MOMENTUM,True,False,False
2018-12-31,BEAR,1,hard_bear,0.7212974921,MOMENTUM,True,False,False
2019-01-02,BEAR,1,hard_bear,0.7335208735,MOMENTUM,True,False,False
2019-01-03,BEAR,1,hard_bear,0.7394346813,MOMENTUM,True,False,False
2019-01-04,BEAR,1,hard_bear,0.7564536164,MOMENTUM,True,False,False
2019-01-07,BEAR,1,hard_bear,0.7709107715,MOMENTUM,True,False,False
2019-01-08,BEAR,1,hard_bear,0.7635793389,MOMENTUM,True,False,False
2019-01-09,BEAR,1,hard_bear,0.7697515034,MOMENTUM,True,False,False
2019-01-10,BEAR,0.6813870338,hurst_momentum_spy_bearish,0.7769709236,MOMENTUM,False,False,False
2019-01-11,BEAR,0.7043361514,hurst_momentum_spy_bearish,0.793035306,MOMENTUM,False,False,False
2019-01-14,BEAR,0.7238778817,hurst_momentum_spy_bearish,0.8067145172,MOMENTUM,False,False,False
2019-01-15,BEAR,0.7471594126,hurst_momentum_spy_bearish,0.8230115888,MOMENTUM,False,False,False
2019-01-16,BEAR,0.7427735109,hurst_momentum_spy_bearish,0.8199414576,MOMENTUM,False,False,False
2019-01-17,BULL_CALM,0.5,hurst_momentum_bull,0.8523037555,MOMENTUM,False,False,True
2019-01-18,BULL_CALM,0.5,hurst_momentum_bull,0.8400851318,MOMENTUM,False,False,True
2019-01-22,BULL_CALM,0.5,hurst_momentum_bull,0.8317990794,MOMENTUM,False,False,True
2019-01-23,BULL_CALM,0.7515088146,hurst_momentum_bull,0.8260561702,MOMENTUM,False,False,False
2019-01-24,BULL_CALM,0.7478559446,hurst_momentum_bull,0.8234991612,MOMENTUM,False,False,False
2019-01-25,BULL_CALM,0.7244651011,hurst_momentum_bull,0.8071255708,MOMENTUM,False,False,False
2019-01-28,BULL_CALM,0.7534180008,hurst_momentum_bull,0.8273926005,MOMENTUM,False,False,False
2019-01-29,BULL_CALM,0.7329667903,hurst_momentum_bull,0.8130767532,MOMENTUM,False,False,False
2019-01-30,BULL_CALM,0.7521902247,hurst_momentum_bull,0.8265331573,MOMENTUM,False,False,False
2019-01-31,BULL_CALM,0.7506729215,hurst_momentum_bull,0.825471045,MOMENTUM,False,False,False
2019-02-01,BULL_CALM,0.7226505156,hurst_momentum_bull,0.8058553609,MOMENTUM,False,False,False
2019-02-04,BULL_CALM,0.6924769412,hurst_momentum_bull,0.7847338588,MOMENTUM,False,False,False
2019-02-05,BULL_CALM,0.6794392938,hurst_momentum_bull,0.7756075056,MOMENTUM,False,False,False
2019-02-06,BULL_CALM,0.6742212102,hurst_momentum_bull,0.7719548472,MOMENTUM,False,False,False
2019-02-07,BULL_CALM,0.6643607981,hurst_momentum_bull,0.7650525587,MOMENTUM,False,False,False
2019-02-08,BULL_CALM,0.6760058464,hurst_momentum_bull,0.7732040925,MOMENTUM,False,False,False
2019-02-11,BULL_CALM,0.7071747599,hurst_momentum_bull,0.7950223319,MOMENTUM,False,False,False
2019-02-12,BULL_CALM,0.6819590512,hurst_momentum_bull,0.7773713359,MOMENTUM,False,False,False
2019-02-13,BULL_CALM,0.6787591777,hurst_momentum_bull,0.7751314244,MOMENTUM,False,False,False
2019-02-14,BULL_CALM,0.6678393143,hurst_momentum_bull,0.76748752,MOMENTUM,False,False,False
2019-02-15,BULL_CALM,0.671988603,hurst_momentum_bull,0.7703920221,MOMENTUM,False,False,False
2019-02-19,BULL_CALM,0.6786061375,hurst_momentum_bull,0.7750242962,MOMENTUM,False,False,False
2019-02-20,BULL_CALM,0.6832015239,hurst_momentum_bull,0.7782410667,MOMENTUM,False,False,False
2019-02-21,BULL_CALM,0.6673755181,hurst_momentum_bull,0.7671628627,MOMENTUM,False,False,False
2019-02-22,BULL_CALM,0.6775891762,hurst_momentum_bull,0.7743124233,MOMENTUM,False,False,False
2019-02-25,BULL_CALM,0.7008490535,hurst_momentum_bull,0.7905943375,MOMENTUM,False,False,False
2019-02-26,BULL_CALM,0.6896714501,hurst_momentum_bull,0.7827700151,MOMENTUM,False,False,False
2019-02-27,BULL_CALM,0.6999791028,hurst_momentum_bull,0.789985372,MOMENTUM,False,False,False
2019-02-28,BULL_CALM,0.6748143803,hurst_momentum_bull,0.7723700662,MOMENTUM,False,False,False
2019-03-01,BULL_CALM,0.6583260496,hurst_momentum_bull,0.7608282347,MOMENTUM,False,False,False
2019-03-04,BULL_CALM,0.6411633453,hurst_momentum_bull,0.7488143417,MOMENTUM,False,False,False
2019-03-05,BULL_CALM,0.6436391762,hurst_momentum_bull,0.7505474233,MOMENTUM,False,False,False
2019-03-06,BULL_CALM,0.6431867347,hurst_momentum_bull,0.7502307143,MOMENTUM,False,False,False
2019-03-07,BULL_CALM,0.6337720444,hurst_momentum_bull,0.7436404311,MOMENTUM,False,False,False
2019-03-08,BULL_CALM,0.6428155801,hurst_momentum_bull,0.7499709061,MOMENTUM,False,False,False
2019-03-11,BULL_CALM,0.6436801277,hurst_momentum_bull,0.7505760894,MOMENTUM,False,False,False
2019-03-12,BULL_CALM,0.6660461638,hurst_momentum_bull,0.7662323147,MOMENTUM,False,False,False
2019-03-13,BULL_CALM,0.6637672974,hurst_momentum_bull,0.7646371082,MOMENTUM,False,False,False
2019-03-14,BULL_CALM,0.6690675743,hurst_momentum_bull,0.768347302,MOMENTUM,False,False,False
2019-03-15,BULL_CALM,0.6982842678,hurst_momentum_bull,0.7887989875,MOMENTUM,False,False,False
2019-03-18,BULL_CALM,0.7041480893,hurst_momentum_bull,0.7929036625,MOMENTUM,False,False,False
2019-03-19,BULL_CALM,0.6732526074,hurst_momentum_bull,0.7712768252,MOMENTUM,False,False,False
2019-03-20,BULL_CALM,0.6299361426,hurst_momentum_bull,0.7409552998,MOMENTUM,False,False,False
2019-03-21,BULL_CALM,0.6205573096,hurst_momentum_bull,0.7343901167,MOMENTUM,False,False,False
2019-03-22,BULL_CALM,0.5752293341,hurst_momentum_bull,0.7026605339,MOMENTUM,False,False,False
2019-03-25,BULL_CALM,0.5284369927,hurst_momentum_bull,0.6699058949,MOMENTUM,False,False,False
2019-03-26,BULL_CALM,0.8334826269,dominant_gmm,0.6249743588,AMBIGUOUS,False,False,False
2019-03-27,BULL_CALM,0.6990563146,dominant_gmm,0.610484934,AMBIGUOUS,False,False,False
2019-03-28,BULL_CALM,0.5419020638,hurst_momentum_bull,0.6793314446,MOMENTUM,False,False,False
2019-03-29,BULL_CALM,0.5394467172,hurst_momentum_bull,0.677612702,MOMENTUM,False,False,False
2019-04-01,BULL_CALM,0.5374494518,hurst_momentum_bull,0.6762146162,MOMENTUM,False,False,False
2019-04-02,BULL_CALM,0.5658710797,hurst_momentum_bull,0.6961097558,MOMENTUM,False,False,False
2019-04-03,BULL_CALM,0.5556728754,hurst_momentum_bull,0.6889710128,MOMENTUM,False,False,False
2019-04-04,BULL_CALM,0.5711250391,hurst_momentum_bull,0.6997875274,MOMENTUM,False,False,False
2019-04-05,BULL_CALM,0.5515569824,hurst_momentum_bull,0.6860898877,MOMENTUM,False,False,False
2019-04-08,BULL_CALM,0.5155508148,hurst_momentum_bull,0.6608855704,MOMENTUM,False,False,False
2019-04-09,BULL_CALM,0.5042608993,hurst_momentum_bull,0.6529826295,MOMENTUM,False,False,False
2019-04-10,BULL_CALM,0.9913284829,dominant_gmm,0.6352551866,AMBIGUOUS,False,False,False
2019-04-11,BULL_CALM,0.9787058182,dominant_gmm,0.6335265692,AMBIGUOUS,False,False,False
2019-04-12,BULL_CALM,0.9780543871,dominant_gmm,0.6267090691,AMBIGUOUS,False,False,False
2019-04-15,BULL_CALM,0.9991653709,dominant_gmm,0.6497470931,AMBIGUOUS,False,False,False
2019-04-16,BULL_CALM,0.9993007497,dominant_gmm,0.6221331294,AMBIGUOUS,False,False,False
2019-04-17,BULL_CALM,0.9950942751,dominant_gmm,0.6132931519,AMBIGUOUS,False,False,False
2019-04-18,BULL_CALM,0.9937571389,dominant_gmm,0.6099266743,AMBIGUOUS,False,False,False
2019-04-22,BULL_CALM,0.9997316062,dominant_gmm,0.6370899946,AMBIGUOUS,False,False,False
2019-04-23,BULL_CALM,0.9999036994,dominant_gmm,0.6229132266,AMBIGUOUS,False,False,False
2019-04-24,BULL_CALM,0.9999730857,dominant_gmm,0.6283269201,AMBIGUOUS,False,False,False
2019-04-25,BULL_CALM,0.9999125892,dominant_gmm,0.6248987497,AMBIGUOUS,False,False,False
2019-04-26,BULL_CALM,0.5024776295,hurst_momentum_bull,0.6517343406,MOMENTUM,False,False,False
2019-04-29,BULL_CALM,0.9999969081,dominant_gmm,0.6458750915,AMBIGUOUS,False,False,False
2019-04-30,BULL_CALM,0.5111815577,hurst_momentum_bull,0.6578270904,MOMENTUM,False,False,False
2019-05-01,BULL_CALM,0.9999771214,dominant_gmm,0.6373249244,AMBIGUOUS,False,False,False
2019-05-02,BULL_CALM,0.9999940834,dominant_gmm,0.6426839196,AMBIGUOUS,False,False,False
2019-05-03,BULL_CALM,0.9999962193,dominant_gmm,0.640249044,AMBIGUOUS,False,False,False
2019-05-06,BULL_CALM,0.5048973127,hurst_momentum_bull,0.6534281189,MOMENTUM,False,False,False
2019-05-07,CHOPPY,0.5,hurst_momentum_vol_cluster_choppy,0.6517412074,MOMENTUM,False,True,True
2019-05-08,CHOPPY,0.5,hurst_momentum_vol_cluster_choppy,0.6572626593,MOMENTUM,False,True,True
2019-05-09,CHOPPY,0.5,hurst_momentum_vol_cluster_choppy,0.7057932634,MOMENTUM,False,True,True
2019-05-10,BULL_CALM,0.5,hurst_momentum_bull,0.707687212,MOMENTUM,False,False,True
2019-05-13,BEAR,0.5,hard_bear,0.6955048816,MOMENTUM,True,False,True
2019-05-14,BULL_CALM,0.5,hurst_momentum_bull,0.6900302632,MOMENTUM,False,False,True
2019-05-15,CHOPPY,0.5,hurst_momentum_vol_cluster_choppy,0.6841123447,MOMENTUM,False,True,True
2019-05-16,CHOPPY,0.5,hurst_momentum_vol_cluster_choppy,0.6765476144,MOMENTUM,False,True,True
2019-05-17,CHOPPY,0.5,hurst_momentum_vol_cluster_choppy,0.7007986924,MOMENTUM,False,True,True
2019-05-20,BULL_CALM,0.5,hurst_momentum_bull,0.7050071625,MOMENTUM,False,False,True
2019-05-21,BULL_CALM,0.5,hurst_momentum_bull,0.6894346808,MOMENTUM,False,False,True
2019-05-22,BULL_CALM,0.5,hurst_momentum_bull,0.6888049801,MOMENTUM,False,False,True
2019-05-23,BULL_CALM,0.5439804566,hurst_momentum_bull,0.6807863196,MOMENTUM,False,False,False
2019-05-24,BULL_CALM,0.5468932643,hurst_momentum_bull,0.682825285,MOMENTUM,False,False,False
2019-05-28,BULL_CALM,0.5332811005,hurst_momentum_bull,0.6732967704,MOMENTUM,False,False,False
2019-05-29,BULL_CALM,0.5165547355,hurst_momentum_bull,0.6615883148,MOMENTUM,False,False,False
2019-05-30,BULL_VOLATILE,0.5,dominant_gmm,0.6486926025,AMBIGUOUS,False,False,True
2019-05-31,BEAR,0.5,hurst_momentum_spy_bearish,0.6651588655,MOMENTUM,False,False,True
2019-06-03,BULL_VOLATILE,0.5,dominant_gmm,0.6286106067,AMBIGUOUS,False,False,True
2019-06-04,BULL_VOLATILE,0.9973118745,dominant_gmm,0.6225445155,AMBIGUOUS,False,False,False
2019-06-05,CHOPPY,0.5,vol_cluster_choppy,0.6095381769,AMBIGUOUS,False,True,True
2019-06-06,CHOPPY,0.5,vol_cluster_choppy,0.646250382,AMBIGUOUS,False,True,True
2019-06-07,BULL_VOLATILE,0.5,dominant_gmm,0.642941174,AMBIGUOUS,False,False,True
2019-06-10,BULL_VOLATILE,0.9753441026,dominant_gmm,0.6329549401,AMBIGUOUS,False,False,False
2019-06-11,BULL_VOLATILE,0.7725950294,dominant_gmm,0.6343850373,AMBIGUOUS,False,False,False
2019-06-12,BULL_VOLATILE,0.7810512427,dominant_gmm,0.6380272991,AMBIGUOUS,False,False,False
2019-06-13,BULL_VOLATILE,0.6708453448,dominant_gmm,0.6446742771,AMBIGUOUS,False,False,False
2019-06-14,BULL_CALM,0.5,hurst_momentum_bull,0.651662371,MOMENTUM,False,False,True
2019-06-17,BULL_VOLATILE,0.5,dominant_gmm,0.6335081827,AMBIGUOUS,False,False,True
2019-06-18,BULL_CALM,0.5,hurst_momentum_bull,0.6503207322,MOMENTUM,False,False,True
2019-06-19,BULL_CALM,0.5115160576,hurst_momentum_bull,0.6580612404,MOMENTUM,False,False,False
2019-06-20,BULL_CALM,0.5633766662,hurst_momentum_bull,0.6943636664,MOMENTUM,False,False,False
2019-06-21,BULL_CALM,0.5635041182,hurst_momentum_bull,0.6944528827,MOMENTUM,False,False,False
2019-06-24,BULL_CALM,0.5735491802,hurst_momentum_bull,0.7014844262,MOMENTUM,False,False,False
2019-06-25,BULL_CALM,0.6069469678,hurst_momentum_bull,0.7248628775,MOMENTUM,False,False,False
2019-06-26,BULL_CALM,0.6151560206,hurst_momentum_bull,0.7306092144,MOMENTUM,False,False,False
2019-06-27,BULL_CALM,0.5992089787,hurst_momentum_bull,0.7194462851,MOMENTUM,False,False,False
2019-06-28,BULL_CALM,0.5847065927,hurst_momentum_bull,0.7092946149,MOMENTUM,False,False,False
2019-07-01,BULL_CALM,0.5935852051,hurst_momentum_bull,0.7155096436,MOMENTUM,False,False,False
2019-07-02,BULL_CALM,0.6186134285,hurst_momentum_bull,0.7330294,MOMENTUM,False,False,False
2019-07-03,BULL_CALM,0.6443053081,hurst_momentum_bull,0.7510137157,MOMENTUM,False,False,False
2019-07-05,BULL_CALM,0.6688968122,hurst_momentum_bull,0.7682277686,MOMENTUM,False,False,False
2019-07-08,BULL_CALM,0.6896167279,hurst_momentum_bull,0.7827317095,MOMENTUM,False,False,False
2019-07-09,BULL_CALM,0.7043431036,hurst_momentum_bull,0.7930401725,MOMENTUM,False,False,False
2019-07-10,BULL_CALM,0.7257818862,hurst_momentum_bull,0.8080473204,MOMENTUM,False,False,False
2019-07-11,BULL_CALM,0.7293882346,hurst_momentum_bull,0.8105717642,MOMENTUM,False,False,False
2019-07-12,BULL_CALM,0.7186333124,hurst_momentum_bull,0.8030433187,MOMENTUM,False,False,False
2019-07-15,BULL_CALM,0.6961172273,hurst_momentum_bull,0.7872820591,MOMENTUM,False,False,False
2019-07-16,BULL_CALM,0.6879729283,hurst_momentum_bull,0.7815810498,MOMENTUM,False,False,False
2019-07-17,BULL_CALM,0.6736367094,hurst_momentum_bull,0.7715456966,MOMENTUM,False,False,False
2019-07-18,BULL_CALM,0.6774645038,hurst_momentum_bull,0.7742251527,MOMENTUM,False,False,False
2019-07-19,BULL_CALM,0.6516465508,hurst_momentum_bull,0.7561525855,MOMENTUM,False,False,False
2019-07-22,BULL_CALM,0.619832603,hurst_momentum_bull,0.7338828221,MOMENTUM,False,False,False
2019-07-23,BULL_CALM,0.5869761011,hurst_momentum_bull,0.7108832708,MOMENTUM,False,False,False
2019-07-24,BULL_CALM,0.5887588869,hurst_momentum_bull,0.7121312208,MOMENTUM,False,False,False
2019-07-25,BULL_CALM,0.5776585247,hurst_momentum_bull,0.7043609673,MOMENTUM,False,False,False
2019-07-26,BULL_CALM,0.5699199927,hurst_momentum_bull,0.6989439949,MOMENTUM,False,False,False
2019-07-29,BULL_CALM,0.5690214849,hurst_momentum_bull,0.6983150394,MOMENTUM,False,False,False
2019-07-30,BULL_CALM,0.5587967522,hurst_momentum_bull,0.6911577265,MOMENTUM,False,False,False
2019-07-31,BULL_CALM,0.5913874677,hurst_momentum_bull,0.7139712274,MOMENTUM,False,False,False
2019-08-01,BULL_CALM,0.6011003095,hurst_momentum_bull,0.7207702166,MOMENTUM,False,False,False
2019-08-02,BULL_CALM,0.573961626,hurst_momentum_bull,0.7017731382,MOMENTUM,False,False,False
2019-08-05,BEAR,0.5,hard_bear,0.7027211742,MOMENTUM,True,False,True
2019-08-06,BEAR,0.5,hard_bear,0.713504986,MOMENTUM,True,False,True
2019-08-07,BEAR,0.5,hard_bear,0.7199238814,MOMENTUM,True,False,True
2019-08-08,BEAR,1,hard_bear,0.7532916126,MOMENTUM,True,True,False
2019-08-09,BEAR,1,hard_bear,0.7569123687,MOMENTUM,True,False,False
2019-08-12,BULL_CALM,0.5,hurst_momentum_bull,0.8318456399,MOMENTUM,False,False,True
2019-08-13,BULL_CALM,0.5,hurst_momentum_bull,0.8298822885,MOMENTUM,False,False,True
2019-08-14,BEAR,0.5,hard_bear,0.8363085655,MOMENTUM,True,False,True
2019-08-15,BEAR,1,hard_bear,0.8447441903,MOMENTUM,True,False,False
2019-08-16,BEAR,1,hard_bear,0.8312161362,MOMENTUM,True,False,False
2019-08-19,BEAR,1,hard_bear,0.8265731639,MOMENTUM,True,True,False
2019-08-20,BEAR,1,hard_bear,0.8375628163,MOMENTUM,True,False,False
2019-08-21,BULL_CALM,0.5,hurst_momentum_bull,0.8286141202,MOMENTUM,False,False,True
2019-08-22,BULL_CALM,0.5,hurst_momentum_bull,0.8033058882,MOMENTUM,False,False,True
2019-08-23,BULL_CALM,0.5,hurst_momentum_bull,0.7863606522,MOMENTUM,False,False,True
2019-08-26,BULL_CALM,0.6784959087,hurst_momentum_bull,0.7749471361,MOMENTUM,False,False,False
2019-08-27,BULL_CALM,0.6424876107,hurst_momentum_bull,0.7497413275,MOMENTUM,False,False,False
2019-08-28,BULL_CALM,0.6406192537,hurst_momentum_bull,0.7484334776,MOMENTUM,False,False,False
2019-08-29,BEAR,0.5,hard_bear,0.724729338,MOMENTUM,True,True,True
2019-08-30,BULL_CALM,0.5,hurst_momentum_bull,0.7234164694,MOMENTUM,False,False,True
2019-09-03,BULL_CALM,0.5,hurst_momentum_bull,0.6946428275,MOMENTUM,False,False,True
2019-09-04,BULL_CALM,0.5471829412,hurst_momentum_bull,0.6830280588,MOMENTUM,False,False,False
2019-09-05,BULL_CALM,0.5387579573,hurst_momentum_bull,0.6771305701,MOMENTUM,False,False,False
2019-09-06,BULL_CALM,0.5253243775,hurst_momentum_bull,0.6677270643,MOMENTUM,False,False,False
2019-09-09,BULL_CALM,0.5040883365,hurst_momentum_bull,0.6528618356,MOMENTUM,False,False,False
2019-09-10,BULL_VOLATILE,0.5,dominant_gmm,0.6408799957,AMBIGUOUS,False,False,True
2019-09-11,BULL_VOLATILE,0.5,dominant_gmm,0.633893851,AMBIGUOUS,False,False,True
2019-09-12,BULL_VOLATILE,0.5,dominant_gmm,0.6268422491,AMBIGUOUS,False,False,True
2019-09-13,BULL_VOLATILE,0.8340065661,dominant_gmm,0.6376182684,AMBIGUOUS,False,False,False
2019-09-16,BULL_VOLATILE,0.6628720777,dominant_gmm,0.6257499655,AMBIGUOUS,False,False,False
2019-09-17,BULL_VOLATILE,0.7514588947,dominant_gmm,0.6271858305,AMBIGUOUS,False,False,False
2019-09-18,BULL_CALM,0.5,dominant_gmm,0.6314993686,AMBIGUOUS,False,False,True
2019-09-19,BULL_CALM,0.5,hurst_momentum_bull,0.6867103325,MOMENTUM,False,False,True
2019-09-20,BULL_CALM,0.5,hurst_momentum_bull,0.6740568403,MOMENTUM,False,False,True
2019-09-23,BULL_CALM,0.5317854884,hurst_momentum_bull,0.6722498419,MOMENTUM,False,False,False
2019-09-24,BULL_CALM,0.5459890725,hurst_momentum_bull,0.6821923508,MOMENTUM,False,False,False
2019-09-25,BULL_CALM,0.5641591839,hurst_momentum_bull,0.6949114287,MOMENTUM,False,False,False
2019-09-26,BULL_CALM,0.5517941077,hurst_momentum_bull,0.6862558754,MOMENTUM,False,False,False
2019-09-27,BULL_CALM,0.5380311741,hurst_momentum_bull,0.6766218219,MOMENTUM,False,False,False
2019-09-30,BULL_CALM,0.5493160391,hurst_momentum_bull,0.6845212274,MOMENTUM,False,False,False
2019-10-01,BULL_CALM,0.5513941756,hurst_momentum_bull,0.6859759229,MOMENTUM,False,False,False
2019-10-02,BULL_CALM,0.5266569293,hurst_momentum_bull,0.6686598505,MOMENTUM,False,False,False
2019-10-03,BULL_CALM,0.5471038392,hurst_momentum_bull,0.6829726875,MOMENTUM,False,False,False
2019-10-04,BULL_CALM,0.5474615737,hurst_momentum_bull,0.6832231016,MOMENTUM,False,False,False
2019-10-07,BULL_CALM,0.5425443694,hurst_momentum_bull,0.6797810586,MOMENTUM,False,False,False
2019-10-08,BULL_CALM,0.5430702009,hurst_momentum_bull,0.6801491406,MOMENTUM,False,False,False
2019-10-09,BULL_CALM,0.5522158437,hurst_momentum_bull,0.6865510906,MOMENTUM,False,False,False
2019-10-10,BULL_CALM,0.5733480879,hurst_momentum_bull,0.7013436615,MOMENTUM,False,False,False
2019-10-11,BULL_CALM,0.5673422783,hurst_momentum_bull,0.6971395948,MOMENTUM,False,False,False
2019-10-14,BULL_CALM,0.5642030051,hurst_momentum_bull,0.6949421036,MOMENTUM,False,False,False
2019-10-15,BULL_CALM,0.5646475214,hurst_momentum_bull,0.695253265,MOMENTUM,False,False,False
2019-10-16,BULL_CALM,0.5618095417,hurst_momentum_bull,0.6932666792,MOMENTUM,False,False,False
2019-10-17,BULL_CALM,0.5837965468,hurst_momentum_bull,0.7086575828,MOMENTUM,False,False,False
2019-10-18,BULL_CALM,0.5724731846,hurst_momentum_bull,0.7007312292,MOMENTUM,False,False,False
2019-10-21,BULL_CALM,0.5763914635,hurst_momentum_bull,0.7034740245,MOMENTUM,False,False,False
2019-10-22,BULL_CALM,0.5813305932,hurst_momentum_bull,0.7069314152,MOMENTUM,False,False,False
2019-10-23,BULL_CALM,0.5585247904,hurst_momentum_bull,0.6909673532,MOMENTUM,False,False,False
2019-10-24,BULL_CALM,0.5598233414,hurst_momentum_bull,0.691876339,MOMENTUM,False,False,False
2019-10-25,BULL_CALM,0.5572134528,hurst_momentum_bull,0.6900494169,MOMENTUM,False,False,False
2019-10-28,BULL_CALM,0.5575580147,hurst_momentum_bull,0.6902906103,MOMENTUM,False,False,False
2019-10-29,BULL_CALM,0.5065900962,hurst_momentum_bull,0.6546130673,MOMENTUM,False,False,False
2019-10-30,BULL_CALM,0.8999461508,dominant_gmm,0.6275521397,AMBIGUOUS,False,False,False
2019-10-31,BULL_CALM,0.8959093702,dominant_gmm,0.6049586279,AMBIGUOUS,False,False,False
2019-11-01,BULL_CALM,0.5505527482,hurst_momentum_bull,0.6853869237,MOMENTUM,False,False,False
2019-11-04,BULL_CALM,0.5250490521,hurst_momentum_bull,0.6675343365,MOMENTUM,False,False,False
2019-11-05,BULL_CALM,0.5301441648,hurst_momentum_bull,0.6711009154,MOMENTUM,False,False,False
2019-11-06,BULL_CALM,0.5166014597,hurst_momentum_bull,0.6616210218,MOMENTUM,False,False,False
2019-11-07,BULL_CALM,0.9982297231,dominant_gmm,0.6497864578,AMBIGUOUS,False,False,False
2019-11-08,BULL_CALM,0.9999958693,dominant_gmm,0.6445627293,AMBIGUOUS,False,False,False
2019-11-11,BULL_CALM,0.9999994617,dominant_gmm,0.6466377931,AMBIGUOUS,False,False,False
2019-11-12,BULL_CALM,0.5187445109,hurst_momentum_bull,0.6631211576,MOMENTUM,False,False,False
2019-11-13,BULL_CALM,0.9999947856,dominant_gmm,0.6473044583,AMBIGUOUS,False,False,False
2019-11-14,BULL_CALM,0.5518271813,hurst_momentum_bull,0.6862790269,MOMENTUM,False,False,False
2019-11-15,BULL_CALM,0.5975075428,hurst_momentum_bull,0.7182552799,MOMENTUM,False,False,False
2019-11-18,BULL_CALM,0.559528341,hurst_momentum_bull,0.6916698387,MOMENTUM,False,False,False
2019-11-19,BULL_CALM,0.607389842,hurst_momentum_bull,0.7251728894,MOMENTUM,False,False,False
2019-11-20,BULL_CALM,0.5905109187,hurst_momentum_bull,0.7133576431,MOMENTUM,False,False,False
2019-11-21,BULL_CALM,0.603735624,hurst_momentum_bull,0.7226149368,MOMENTUM,False,False,False
2019-11-22,BULL_CALM,0.6250895676,hurst_momentum_bull,0.7375626973,MOMENTUM,False,False,False
2019-11-25,BULL_CALM,0.6230931969,hurst_momentum_bull,0.7361652378,MOMENTUM,False,False,False
2019-11-26,BULL_CALM,0.583185374,hurst_momentum_bull,0.7082297618,MOMENTUM,False,False,False
2019-11-27,BULL_CALM,0.5642420908,hurst_momentum_bull,0.6949694636,MOMENTUM,False,False,False
2019-11-29,BULL_CALM,0.5602869515,hurst_momentum_bull,0.692200866,MOMENTUM,False,False,False
2019-12-02,BULL_CALM,0.5800674602,hurst_momentum_bull,0.7060472221,MOMENTUM,False,False,False
2019-12-03,BULL_CALM,0.5573868527,hurst_momentum_bull,0.6901707969,MOMENTUM,False,False,False
2019-12-04,BULL_CALM,0.5068516039,hurst_momentum_bull,0.6547961227,MOMENTUM,False,False,False
2019-12-05,BULL_CALM,0.9781552279,dominant_gmm,0.6404234863,AMBIGUOUS,False,False,False
2019-12-06,BULL_CALM,0.5316603596,hurst_momentum_bull,0.6721622517,MOMENTUM,False,False,False
2019-12-09,BULL_CALM,0.5398806314,hurst_momentum_bull,0.677916442,MOMENTUM,False,False,False
2019-12-10,BULL_CALM,0.5219423438,hurst_momentum_bull,0.6653596406,MOMENTUM,False,False,False
2019-12-11,BULL_CALM,0.5315926674,hurst_momentum_bull,0.6721148672,MOMENTUM,False,False,False
2019-12-12,BULL_CALM,0.5361681828,hurst_momentum_bull,0.675317728,MOMENTUM,False,False,False
2019-12-13,BULL_CALM,0.5289340854,hurst_momentum_bull,0.6702538598,MOMENTUM,False,False,False
2019-12-16,BULL_CALM,0.5525324563,hurst_momentum_bull,0.6867727194,MOMENTUM,False,False,False
2019-12-17,BULL_CALM,0.5666852191,hurst_momentum_bull,0.6966796533,MOMENTUM,False,False,False
2019-12-18,BULL_CALM,0.5803226759,hurst_momentum_bull,0.7062258731,MOMENTUM,False,False,False
2019-12-19,BULL_CALM,0.5448738267,hurst_momentum_bull,0.6814116787,MOMENTUM,False,False,False
2019-12-20,BULL_CALM,0.5466240353,hurst_momentum_bull,0.6826368247,MOMENTUM,False,False,False
2019-12-23,BULL_CALM,0.5539589438,hurst_momentum_bull,0.6877712607,MOMENTUM,False,False,False
2019-12-24,BULL_CALM,0.558855553,hurst_momentum_bull,0.6911988871,MOMENTUM,False,False,False
2019-12-26,BULL_CALM,0.5505654917,hurst_momentum_bull,0.6853958442,MOMENTUM,False,False,False
2019-12-27,BULL_CALM,0.5348349019,hurst_momentum_bull,0.6743844313,MOMENTUM,False,False,False
2019-12-30,BULL_CALM,0.5519573234,hurst_momentum_bull,0.6863701263,MOMENTUM,False,False,False
2019-12-31,BULL_CALM,0.9907779234,dominant_gmm,0.6427273607,AMBIGUOUS,False,False,False
2020-01-02,BULL_CALM,0.9903739044,dominant_gmm,0.6492852844,AMBIGUOUS,False,False,False
2020-01-03,BULL_CALM,0.5094481514,hurst_momentum_bull,0.6566137059,MOMENTUM,False,False,False
2020-01-06,BULL_CALM,0.569916012,hurst_momentum_bull,0.6989412084,MOMENTUM,False,False,False
2020-01-07,BULL_CALM,0.5391938461,hurst_momentum_bull,0.6774356923,MOMENTUM,False,False,False
2020-01-08,BULL_CALM,0.605329575,hurst_momentum_bull,0.7237307025,MOMENTUM,False,False,False
2020-01-09,BULL_CALM,0.5256557482,hurst_momentum_bull,0.6679590238,MOMENTUM,False,False,False
2020-01-10,BULL_CALM,0.9999634118,dominant_gmm,0.6207513167,AMBIGUOUS,False,False,False
2020-01-13,BULL_CALM,0.9999999987,dominant_gmm,0.5848922049,AMBIGUOUS,False,False,False
2020-01-14,BULL_CALM,0.9999999971,dominant_gmm,0.5828259616,AMBIGUOUS,False,False,False
2020-01-15,BULL_CALM,0.999999993,dominant_gmm,0.6380711929,AMBIGUOUS,False,False,False
2020-01-16,BULL_CALM,0.9999999665,dominant_gmm,0.6269138511,AMBIGUOUS,False,False,False
2020-01-17,BULL_CALM,0.9999999964,dominant_gmm,0.6328492451,AMBIGUOUS,False,False,False
2020-01-21,BULL_CALM,0.9999995089,dominant_gmm,0.618797778,AMBIGUOUS,False,False,False
2020-01-22,BULL_CALM,0.5036028983,hurst_momentum_bull,0.6525220288,MOMENTUM,False,False,False
2020-01-23,BULL_CALM,0.5031142695,hurst_momentum_bull,0.6521799886,MOMENTUM,False,False,False
2020-01-24,BULL_CALM,0.5146755322,hurst_momentum_bull,0.6602728725,MOMENTUM,False,False,False
2020-01-27,BULL_CALM,0.5134415723,hurst_momentum_bull,0.6594091006,MOMENTUM,False,False,False
2020-01-28,CHOPPY,0.5,vol_cluster_choppy,0.6339712868,AMBIGUOUS,False,True,True
2020-01-29,CHOPPY,0.5,vol_cluster_choppy,0.6449648419,AMBIGUOUS,False,True,True
2020-01-30,CHOPPY,0.5,vol_cluster_choppy,0.6404105709,AMBIGUOUS,False,True,True
2020-01-31,CHOPPY,0,vol_cluster_choppy,0.6439605226,AMBIGUOUS,False,True,False
2020-02-03,CHOPPY,0,hurst_momentum_vol_cluster_choppy,0.6611350418,MOMENTUM,False,True,False
2020-02-04,CHOPPY,0,hurst_momentum_vol_cluster_choppy,0.6690947066,MOMENTUM,False,True,False
2020-02-05,BULL_CALM,0.5,hurst_momentum_bull,0.6658440349,MOMENTUM,False,False,True
2020-02-06,BULL_CALM,0.5,hurst_momentum_bull,0.6668770287,MOMENTUM,False,False,True
2020-02-07,BULL_CALM,0.5,hurst_momentum_bull,0.6671553465,MOMENTUM,False,False,True
2020-02-10,BULL_CALM,0.5325990623,hurst_momentum_bull,0.6728193436,MOMENTUM,False,False,False
2020-02-11,BULL_CALM,0.5392627153,hurst_momentum_bull,0.6774839007,MOMENTUM,False,False,False
2020-02-12,BULL_CALM,0.5473573259,hurst_momentum_bull,0.6831501281,MOMENTUM,False,False,False
2020-02-13,BULL_CALM,0.5397260987,hurst_momentum_bull,0.6778082691,MOMENTUM,False,False,False
2020-02-14,BULL_CALM,0.5569545136,hurst_momentum_bull,0.6898681595,MOMENTUM,False,False,False
2020-02-18,BULL_CALM,0.5643723049,hurst_momentum_bull,0.6950606134,MOMENTUM,False,False,False
2020-02-19,BULL_CALM,0.5610176689,hurst_momentum_bull,0.6927123682,MOMENTUM,False,False,False
2020-02-20,BULL_CALM,0.5714918716,hurst_momentum_bull,0.7000443101,MOMENTUM,False,False,False
2020-02-21,BULL_CALM,0.5719360568,hurst_momentum_bull,0.7003552398,MOMENTUM,False,False,False
2020-02-24,BEAR,0.5,hard_bear,0.7134590542,MOMENTUM,True,True,True
2020-02-25,BEAR,0.5,hard_bear,0.7218520986,MOMENTUM,True,False,True
2020-02-26,BEAR,0.5,hard_bear,0.7128923713,MOMENTUM,True,False,True
2020-02-27,BEAR,1,hard_bear,0.722265035,MOMENTUM,True,False,False
2020-02-28,BEAR,1,hard_bear,0.7313714733,MOMENTUM,True,False,False
2020-03-02,BEAR,1,hard_bear,0.745533935,MOMENTUM,True,False,False
2020-03-03,BEAR,1,hard_bear,0.7296970333,MOMENTUM,True,False,False
2020-03-04,BEAR,1,hard_bear,0.6981507373,MOMENTUM,True,False,False
2020-03-05,BEAR,1,hard_bear,0.7180923368,MOMENTUM,True,False,False
2020-03-06,BEAR,1,hard_bear,0.6847488918,MOMENTUM,True,False,False
2020-03-09,BEAR,1,hard_bear,0.6991593017,MOMENTUM,True,False,False
2020-03-10,BEAR,1,hard_bear,0.6788375011,MOMENTUM,True,False,False
2020-03-11,BEAR,1,hard_bear,0.7013855717,MOMENTUM,True,False,False
2020-03-12,BEAR,1,hard_bear,0.7221251212,MOMENTUM,True,False,False
2020-03-13,BEAR,1,hard_bear,0.7164482411,MOMENTUM,True,False,False
2020-03-16,BEAR,1,hard_bear,0.6974604536,MOMENTUM,True,False,False
2020-03-17,BEAR,1,hard_bear,0.7163049724,MOMENTUM,True,False,False
2020-03-18,BEAR,1,hard_bear,0.7024406828,MOMENTUM,True,False,False
2020-03-19,BEAR,1,hard_bear,0.7077813787,MOMENTUM,True,False,False
2020-03-20,BEAR,1,hard_bear,0.7118107669,MOMENTUM,True,False,False
2020-03-23,BEAR,1,hard_bear,0.7086188301,MOMENTUM,True,False,False
2020-03-24,BEAR,1,hard_bear,0.7041610426,MOMENTUM,True,False,False
2020-03-25,BEAR,1,hard_bear,0.7008989469,MOMENTUM,True,False,False
2020-03-26,BEAR,1,hard_bear,0.6925474239,MOMENTUM,True,False,False
2020-03-27,BEAR,1,hard_bear,0.6803571557,MOMENTUM,True,False,False
2020-03-30,BEAR,1,hard_bear,0.6807467764,MOMENTUM,True,False,False
2020-03-31,BEAR,1,hard_bear,0.7015644885,MOMENTUM,True,False,False
2020-04-01,BEAR,1,hard_bear,0.6901924922,MOMENTUM,True,False,False
2020-04-02,BEAR,1,hard_bear,0.6872078502,MOMENTUM,True,False,False
2020-04-03,BEAR,1,hard_bear,0.6971985728,MOMENTUM,True,False,False
2020-04-06,BEAR,1,hard_bear,0.6958393152,MOMENTUM,True,False,False
2020-04-07,BEAR,1,hard_bear,0.7074296945,MOMENTUM,True,False,False
2020-04-08,BEAR,1,hard_bear,0.6875598474,MOMENTUM,True,False,False
2020-04-09,BEAR,1,hard_bear,0.6703755307,MOMENTUM,True,False,False
2020-04-13,BEAR,1,hard_bear,0.6854218789,MOMENTUM,True,False,False
2020-04-14,BEAR,1,hard_bear,0.6864391651,MOMENTUM,True,False,False
2020-04-15,BEAR,1,hard_bear,0.704129769,MOMENTUM,True,False,False
2020-04-16,BEAR,1,hard_bear,0.7099586355,MOMENTUM,True,False,False
2020-04-17,BEAR,1,hard_bear,0.7301111293,MOMENTUM,True,False,False
2020-04-20,BEAR,1,hard_bear,0.7480617993,MOMENTUM,True,False,False
2020-04-21,BEAR,1,hard_bear,0.7486159583,MOMENTUM,True,False,False
2020-04-22,BEAR,1,hard_bear,0.7561703361,MOMENTUM,True,False,False
2020-04-23,BEAR,1,hard_bear,0.758001957,MOMENTUM,True,False,False
2020-04-24,BEAR,1,hard_bear,0.7479146744,MOMENTUM,True,False,False
2020-04-27,BEAR,1,hard_bear,0.7316555428,MOMENTUM,True,False,False
2020-04-28,BEAR,1,hard_bear,0.7268101735,MOMENTUM,True,False,False
2020-04-29,BEAR,1,hard_bear,0.7237583342,MOMENTUM,True,False,False
2020-04-30,BEAR,1,hard_bear,0.7272182383,MOMENTUM,True,False,False
2020-05-01,BEAR,1,hard_bear,0.7086850318,MOMENTUM,True,False,False
2020-05-04,BEAR,1,hard_bear,0.6871987203,MOMENTUM,True,False,False
2020-05-05,BEAR,1,hard_bear,0.6814038969,MOMENTUM,True,False,False
2020-05-06,BULL_CALM,0.5,hurst_momentum_bull,0.6546181726,MOMENTUM,False,False,True
2020-05-07,BULL_VOLATILE,0.5,dominant_gmm,0.6239582355,AMBIGUOUS,False,False,True
2020-05-08,BULL_VOLATILE,0.5,dominant_gmm,0.6089190215,AMBIGUOUS,False,False,True
2020-05-11,BULL_VOLATILE,0.9999492106,dominant_gmm,0.6038988287,AMBIGUOUS,False,False,False
2020-05-12,BULL_VOLATILE,0.9999350978,dominant_gmm,0.5861263475,AMBIGUOUS,False,False,False
2020-05-13,BEAR,0.5,hard_bear,0.5774726449,AMBIGUOUS,True,False,True
2020-05-14,BEAR,0.5,hard_bear,0.5687305793,AMBIGUOUS,True,False,True
2020-05-15,BULL_VOLATILE,0.5,dominant_gmm,0.5792117336,AMBIGUOUS,False,False,True
2020-05-18,BEAR,0.5,hard_bear,0.5769066259,AMBIGUOUS,True,False,True
2020-05-19,BEAR,0.5,hard_bear,0.5801695627,AMBIGUOUS,True,False,True
2020-05-20,BULL_VOLATILE,0.5,dominant_gmm,0.5876710024,AMBIGUOUS,False,False,True
2020-05-21,BEAR,0.5,hard_bear,0.6072311141,AMBIGUOUS,True,False,True
2020-05-22,BEAR,0.5,hard_bear,0.6209501917,AMBIGUOUS,True,False,True
2020-05-26,BULL_VOLATILE,0.5,dominant_gmm,0.64446498,AMBIGUOUS,False,False,True
2020-05-27,BULL_VOLATILE,0.9956708059,dominant_gmm,0.6295533991,AMBIGUOUS,False,False,False
2020-05-28,BULL_CALM,0.5,hurst_momentum_bull,0.6611849932,MOMENTUM,False,False,True
2020-05-29,BULL_CALM,0.5,hurst_momentum_bull,0.6641976013,MOMENTUM,False,False,True
2020-06-01,BULL_VOLATILE,0.5,dominant_gmm,0.6428908539,AMBIGUOUS,False,False,True
2020-06-02,BULL_CALM,0.5,hurst_momentum_bull,0.6503332092,MOMENTUM,False,False,True
2020-06-03,BULL_CALM,0.5,hurst_momentum_bull,0.6552560846,MOMENTUM,False,False,True
2020-06-04,BULL_VOLATILE,0.5,dominant_gmm,0.6384249882,AMBIGUOUS,False,False,True
2020-06-05,BULL_VOLATILE,0.9990900597,dominant_gmm,0.6354308959,AMBIGUOUS,False,False,False
2020-06-08,BULL_VOLATILE,0.9451707559,dominant_gmm,0.6458214729,AMBIGUOUS,False,False,False
2020-06-09,BULL_CALM,0.5,hurst_momentum_bull,0.667903551,MOMENTUM,False,False,True
2020-06-10,BULL_CALM,0.5,hurst_momentum_bull,0.6589062901,MOMENTUM,False,False,True
2020-06-11,BEAR,0.5,hard_bear,0.6743187817,MOMENTUM,True,False,True
2020-06-12,BEAR,1,hard_bear,0.691114291,MOMENTUM,True,False,False
2020-06-15,BEAR,1,hard_bear,0.6563686283,MOMENTUM,True,False,False
2020-06-16,BEAR,1,hard_bear,0.7033874507,MOMENTUM,True,False,False
2020-06-17,BEAR,1,hard_bear,0.6826263688,MOMENTUM,True,False,False
2020-06-18,BULL_CALM,0.5,hurst_momentum_bull,0.6741595649,MOMENTUM,False,False,True
2020-06-19,BULL_CALM,0.5,hurst_momentum_bull,0.6768488692,MOMENTUM,False,False,True
2020-06-22,BULL_CALM,0.5,hurst_momentum_bull,0.6772189106,MOMENTUM,False,False,True
2020-06-23,BULL_VOLATILE,0.5,dominant_gmm,0.6298036375,AMBIGUOUS,False,False,True
2020-06-24,BULL_VOLATILE,0.5,dominant_gmm,0.6407552933,AMBIGUOUS,False,False,True
2020-06-25,BULL_CALM,0.5,hurst_momentum_bull,0.6877891125,MOMENTUM,False,False,True
2020-06-26,BEAR,0.5,hard_bear,0.6755035427,MOMENTUM,True,False,True
2020-06-29,BEAR,0.5,hard_bear,0.7015141961,MOMENTUM,True,False,True
2020-06-30,BEAR,0.5,hard_bear,0.6867147934,MOMENTUM,True,False,True
2020-07-01,BEAR,1,hard_bear,0.6926060699,MOMENTUM,True,False,False
2020-07-02,BULL_CALM,0.5,hurst_momentum_bull,0.6979252731,MOMENTUM,False,False,True
2020-07-06,BULL_CALM,0.5,hurst_momentum_bull,0.703266415,MOMENTUM,False,False,True
2020-07-07,BULL_VOLATILE,0.5,dominant_gmm,0.6288562716,AMBIGUOUS,False,False,True
2020-07-08,BULL_CALM,0.5,hurst_momentum_bull,0.6591232061,MOMENTUM,False,False,True
2020-07-09,BULL_VOLATILE,0.5,dominant_gmm,0.6458689179,AMBIGUOUS,False,False,True
2020-07-10,BULL_VOLATILE,0.5,dominant_gmm,0.6390775757,AMBIGUOUS,False,False,True
2020-07-13,BULL_VOLATILE,0.9976844285,dominant_gmm,0.6446592355,AMBIGUOUS,False,False,False
2020-07-14,BULL_VOLATILE,0.9972187771,dominant_gmm,0.6467977962,AMBIGUOUS,False,False,False
2020-07-15,BULL_CALM,0.5,hurst_momentum_bull,0.6579367215,MOMENTUM,False,False,True
2020-07-16,BULL_VOLATILE,0.5,dominant_gmm,0.6445847178,AMBIGUOUS,False,False,True
2020-07-17,BULL_CALM,0.5,hurst_momentum_bull,0.654642895,MOMENTUM,False,False,True
2020-07-20,BULL_CALM,0.5272667205,hurst_momentum_bull,0.6690867043,MOMENTUM,False,False,False
2020-07-21,BULL_CALM,0.6253350871,hurst_momentum_bull,0.737734561,MOMENTUM,False,False,False
2020-07-22,BULL_CALM,0.5819434951,hurst_momentum_bull,0.7073604466,MOMENTUM,False,False,False
2020-07-23,BULL_CALM,0.6018964151,hurst_momentum_bull,0.7213274906,MOMENTUM,False,False,False
2020-07-24,BULL_CALM,0.5943765535,hurst_momentum_bull,0.7160635875,MOMENTUM,False,False,False
2020-07-27,BULL_CALM,0.5767010121,hurst_momentum_bull,0.7036907084,MOMENTUM,False,False,False
2020-07-28,BULL_CALM,0.5699331622,hurst_momentum_bull,0.6989532135,MOMENTUM,False,False,False
2020-07-29,BULL_CALM,0.5674125575,hurst_momentum_bull,0.6971887902,MOMENTUM,False,False,False
2020-07-30,BULL_CALM,0.547124001,hurst_momentum_bull,0.6829868007,MOMENTUM,False,False,False
2020-07-31,BULL_CALM,0.537861041,hurst_momentum_bull,0.6765027287,MOMENTUM,False,False,False
2020-08-03,BULL_CALM,0.5457301067,hurst_momentum_bull,0.6820110747,MOMENTUM,False,False,False
2020-08-04,BULL_CALM,0.5597677928,hurst_momentum_bull,0.691837455,MOMENTUM,False,False,False
2020-08-05,BULL_CALM,0.5413119283,hurst_momentum_bull,0.6789183498,MOMENTUM,False,False,False
2020-08-06,BULL_CALM,0.5749137228,hurst_momentum_bull,0.702439606,MOMENTUM,False,False,False
2020-08-07,BULL_CALM,0.6149586493,hurst_momentum_bull,0.7304710545,MOMENTUM,False,False,False
2020-08-10,BULL_CALM,0.602995538,hurst_momentum_bull,0.7220968766,MOMENTUM,False,False,False
2020-08-11,BULL_CALM,0.5541151721,hurst_momentum_bull,0.6878806205,MOMENTUM,False,False,False
2020-08-12,BULL_CALM,0.561298104,hurst_momentum_bull,0.6929086728,MOMENTUM,False,False,False
2020-08-13,BULL_CALM,0.5699207157,hurst_momentum_bull,0.698944501,MOMENTUM,False,False,False
2020-08-14,BULL_CALM,0.5736170237,hurst_momentum_bull,0.7015319166,MOMENTUM,False,False,False
2020-08-17,BULL_CALM,0.5879444548,hurst_momentum_bull,0.7115611183,MOMENTUM,False,False,False
2020-08-18,BULL_CALM,0.5903498874,hurst_momentum_bull,0.7132449212,MOMENTUM,False,False,False
2020-08-19,BULL_CALM,0.5697050696,hurst_momentum_bull,0.6987935487,MOMENTUM,False,False,False
2020-08-20,BULL_CALM,0.5773134576,hurst_momentum_bull,0.7041194203,MOMENTUM,False,False,False
2020-08-21,BULL_CALM,0.5723094973,hurst_momentum_bull,0.7006166481,MOMENTUM,False,False,False
2020-08-24,BULL_CALM,0.5444642895,hurst_momentum_bull,0.6811250027,MOMENTUM,False,False,False
2020-08-25,BULL_CALM,0.5265822851,hurst_momentum_bull,0.6686075996,MOMENTUM,False,False,False
2020-08-26,BULL_CALM,0.5234781194,hurst_momentum_bull,0.6664346836,MOMENTUM,False,False,False
2020-08-27,BULL_CALM,0.5199990473,hurst_momentum_bull,0.6639993331,MOMENTUM,False,False,False
2020-08-28,BULL_CALM,0.5225370233,hurst_momentum_bull,0.6657759163,MOMENTUM,False,False,False
2020-08-31,BULL_CALM,0.5000444936,hurst_momentum_bull,0.6500311455,MOMENTUM,False,False,False
2020-09-01,BULL_CALM,1,dominant_gmm,0.6369696232,AMBIGUOUS,False,False,False
2020-09-02,BULL_CALM,0.5047774254,hurst_momentum_bull,0.6533441978,MOMENTUM,False,False,False
2020-09-03,BEAR,0.5,hard_bear,0.6288099514,AMBIGUOUS,True,False,True
2020-09-04,BEAR,0.5,hard_bear,0.640834917,AMBIGUOUS,True,False,True
2020-09-08,BEAR,0.5,hard_bear,0.6253978573,AMBIGUOUS,True,True,True
2020-09-09,BEAR,1,hard_bear,0.6194103034,AMBIGUOUS,True,False,False
2020-09-10,BEAR,1,hard_bear,0.7023798244,MOMENTUM,True,True,False
2020-09-11,BEAR,1,hard_bear,0.7011914084,MOMENTUM,True,True,False
2020-09-14,BEAR,1,hard_bear,0.7020242981,MOMENTUM,True,True,False
2020-09-15,BULL_CALM,0.5,hurst_momentum_bull,0.7353157,MOMENTUM,False,False,True
2020-09-16,BULL_CALM,0.5,hurst_momentum_bull,0.7277688169,MOMENTUM,False,False,True
2020-09-17,BULL_CALM,0.5,hurst_momentum_bull,0.7298249636,MOMENTUM,False,False,True
2020-09-18,BULL_CALM,0.5618686528,hurst_momentum_bull,0.693308057,MOMENTUM,False,False,False
2020-09-21,BULL_CALM,0.6010382897,hurst_momentum_bull,0.7207268028,MOMENTUM,False,False,False
2020-09-22,BULL_CALM,0.6016991179,hurst_momentum_bull,0.7211893826,MOMENTUM,False,False,False
2020-09-23,BEAR,0.5,hard_bear,0.6884989418,MOMENTUM,True,False,True
2020-09-24,BULL_CALM,0.5,hurst_momentum_bull,0.7152460276,MOMENTUM,False,False,True
2020-09-25,BEAR,0.5,hard_bear,0.7560516433,MOMENTUM,True,False,True
2020-09-28,BEAR,1,hard_bear,0.7264019628,MOMENTUM,True,False,False
2020-09-29,BEAR,1,hard_bear,0.7068981582,MOMENTUM,True,False,False
2020-09-30,BULL_CALM,0.5,hurst_momentum_bull,0.6925823549,MOMENTUM,False,False,True
2020-10-01,BULL_CALM,0.5,hurst_momentum_bull,0.6819052087,MOMENTUM,False,False,True
2020-10-02,BULL_CALM,0.5,hurst_momentum_bull,0.6812566607,MOMENTUM,False,False,True
2020-10-05,BULL_CALM,0.5907291572,hurst_momentum_bull,0.71351041,MOMENTUM,False,False,False
2020-10-06,BULL_CALM,0.5803045231,hurst_momentum_bull,0.7062131662,MOMENTUM,False,False,False
2020-10-07,BULL_CALM,0.6078544703,hurst_momentum_bull,0.7254981292,MOMENTUM,False,False,False
2020-10-08,BULL_CALM,0.5770624754,hurst_momentum_bull,0.7039437328,MOMENTUM,False,False,False
2020-10-09,BULL_CALM,0.6192232768,hurst_momentum_bull,0.7334562938,MOMENTUM,False,False,False
2020-10-12,BULL_CALM,0.6181603229,hurst_momentum_bull,0.732712226,MOMENTUM,False,False,False
2020-10-13,BULL_CALM,0.6181405948,hurst_momentum_bull,0.7326984164,MOMENTUM,False,False,False
2020-10-14,BULL_CALM,0.6195468557,hurst_momentum_bull,0.733682799,MOMENTUM,False,False,False
2020-10-15,BULL_CALM,0.6234189256,hurst_momentum_bull,0.7363932479,MOMENTUM,False,False,False
2020-10-16,BULL_CALM,0.6248694779,hurst_momentum_bull,0.7374086345,MOMENTUM,False,False,False
2020-10-19,BULL_CALM,0.6073042353,hurst_momentum_bull,0.7251129647,MOMENTUM,False,False,False
2020-10-20,BULL_CALM,0.6144640277,hurst_momentum_bull,0.7301248194,MOMENTUM,False,False,False
2020-10-21,BULL_CALM,0.5791769132,hurst_momentum_bull,0.7054238392,MOMENTUM,False,False,False
2020-10-22,BULL_CALM,0.6124848082,hurst_momentum_bull,0.7287393657,MOMENTUM,False,False,False
2020-10-23,BULL_CALM,0.6044287973,hurst_momentum_bull,0.7231001581,MOMENTUM,False,False,False
2020-10-26,BULL_CALM,0.6350769505,hurst_momentum_bull,0.7445538654,MOMENTUM,False,False,False
2020-10-27,BULL_CALM,0.6286550086,hurst_momentum_bull,0.740058506,MOMENTUM,False,False,False
2020-10-28,BEAR,0.5,hard_bear,0.7605140165,MOMENTUM,True,False,True
2020-10-29,BEAR,0.5,hard_bear,0.7600954026,MOMENTUM,True,False,True
2020-10-30,BEAR,0.5,hard_bear,0.7673717459,MOMENTUM,True,False,True
2020-11-02,BEAR,1,hard_bear,0.7840041833,MOMENTUM,True,False,False
2020-11-03,BEAR,1,hard_bear,0.7815937919,MOMENTUM,True,True,False
2020-11-04,BULL_CALM,0.5,hurst_momentum_bull,0.7988771854,MOMENTUM,False,False,True
2020-11-05,BULL_CALM,0.5,hurst_momentum_bull,0.7955999206,MOMENTUM,False,False,True
2020-11-06,BULL_CALM,0.5,hurst_momentum_bull,0.8063367334,MOMENTUM,False,False,True
2020-11-09,BULL_CALM,0.7343822698,hurst_momentum_bull,0.8140675889,MOMENTUM,False,False,False
2020-11-10,BULL_CALM,0.7466818848,hurst_momentum_bull,0.8226773193,MOMENTUM,False,False,False
2020-11-11,BULL_CALM,0.7453085577,hurst_momentum_bull,0.8217159904,MOMENTUM,False,False,False
2020-11-12,BULL_CALM,0.7608404597,hurst_momentum_bull,0.8325883218,MOMENTUM,False,False,False
2020-11-13,BULL_CALM,0.7573112002,hurst_momentum_bull,0.8301178402,MOMENTUM,False,False,False
2020-11-16,BULL_CALM,0.7522516294,hurst_momentum_bull,0.8265761406,MOMENTUM,False,False,False
2020-11-17,BULL_CALM,0.768368416,hurst_momentum_bull,0.8378578912,MOMENTUM,False,False,False
2020-11-18,BULL_CALM,0.7750121992,hurst_momentum_bull,0.8425085394,MOMENTUM,False,False,False
2020-11-19,BULL_CALM,0.7608466923,hurst_momentum_bull,0.8325926846,MOMENTUM,False,False,False
2020-11-20,BULL_CALM,0.7494404188,hurst_momentum_bull,0.8246082931,MOMENTUM,False,False,False
2020-11-23,BULL_CALM,0.7353559985,hurst_momentum_bull,0.8147491989,MOMENTUM,False,False,False
2020-11-24,BULL_CALM,0.7315576806,hurst_momentum_bull,0.8120903765,MOMENTUM,False,False,False
2020-11-25,BULL_CALM,0.7433247568,hurst_momentum_bull,0.8203273298,MOMENTUM,False,False,False
2020-11-27,BULL_CALM,0.7313092931,hurst_momentum_bull,0.8119165052,MOMENTUM,False,False,False
2020-11-30,BULL_CALM,0.7338681833,hurst_momentum_bull,0.8137077283,MOMENTUM,False,False,False
2020-12-01,BULL_CALM,0.7411238958,hurst_momentum_bull,0.8187867271,MOMENTUM,False,False,False
2020-12-02,BULL_CALM,0.7426987355,hurst_momentum_bull,0.8198891148,MOMENTUM,False,False,False
2020-12-03,BULL_CALM,0.7220767869,hurst_momentum_bull,0.8054537508,MOMENTUM,False,False,False
2020-12-04,BULL_CALM,0.7160351008,hurst_momentum_bull,0.8012245705,MOMENTUM,False,False,False
2020-12-07,BULL_CALM,0.7349321738,hurst_momentum_bull,0.8144525216,MOMENTUM,False,False,False
2020-12-08,BULL_CALM,0.7477685628,hurst_momentum_bull,0.823437994,MOMENTUM,False,False,False
2020-12-09,BULL_CALM,0.7306004785,hurst_momentum_bull,0.8114203349,MOMENTUM,False,False,False
2020-12-10,BULL_CALM,0.7299224085,hurst_momentum_bull,0.8109456859,MOMENTUM,False,False,False
2020-12-11,BULL_CALM,0.7546005908,hurst_momentum_bull,0.8282204135,MOMENTUM,False,False,False
2020-12-14,BULL_CALM,0.7771400979,hurst_momentum_bull,0.8439980685,MOMENTUM,False,False,False
2020-12-15,BULL_CALM,0.7553706268,hurst_momentum_bull,0.8287594387,MOMENTUM,False,False,False
2020-12-16,BULL_CALM,0.7361472434,hurst_momentum_bull,0.8153030704,MOMENTUM,False,False,False
2020-12-17,BULL_CALM,0.7255167292,hurst_momentum_bull,0.8078617105,MOMENTUM,False,False,False
2020-12-18,BULL_CALM,0.697074277,hurst_momentum_bull,0.7879519939,MOMENTUM,False,False,False
2020-12-21,BULL_CALM,0.7204366719,hurst_momentum_bull,0.8043056704,MOMENTUM,False,False,False
2020-12-22,BULL_CALM,0.7070552823,hurst_momentum_bull,0.7949386976,MOMENTUM,False,False,False
2020-12-23,BULL_CALM,0.682620597,hurst_momentum_bull,0.7778344179,MOMENTUM,False,False,False
2020-12-24,BULL_CALM,0.6735173802,hurst_momentum_bull,0.7714621661,MOMENTUM,False,False,False
2020-12-28,BULL_CALM,0.650979166,hurst_momentum_bull,0.7556854162,MOMENTUM,False,False,False
2020-12-29,BULL_CALM,0.6577895187,hurst_momentum_bull,0.7604526631,MOMENTUM,False,False,False
2020-12-30,BULL_CALM,0.6345830147,hurst_momentum_bull,0.7442081103,MOMENTUM,False,False,False
2020-12-31,BULL_CALM,0.6401073305,hurst_momentum_bull,0.7480751313,MOMENTUM,False,False,False
2021-01-04,BULL_CALM,0.6500173266,hurst_momentum_bull,0.7550121286,MOMENTUM,False,False,False
2021-01-05,BULL_CALM,0.618714893,hurst_momentum_bull,0.7331004251,MOMENTUM,False,False,False
2021-01-06,BULL_CALM,0.6871702774,hurst_momentum_bull,0.7810191942,MOMENTUM,False,False,False
2021-01-07,BULL_CALM,0.6477517901,hurst_momentum_bull,0.7534262531,MOMENTUM,False,False,False
2021-01-08,BULL_CALM,0.6420087412,hurst_momentum_bull,0.7494061188,MOMENTUM,False,False,False
2021-01-11,BULL_CALM,0.6529433133,hurst_momentum_bull,0.7570603193,MOMENTUM,False,False,False
2021-01-12,BULL_CALM,0.6656669137,hurst_momentum_bull,0.7659668396,MOMENTUM,False,False,False
2021-01-13,BULL_CALM,0.6480993987,hurst_momentum_bull,0.7536695791,MOMENTUM,False,False,False
2021-01-14,BULL_CALM,0.6449378726,hurst_momentum_bull,0.7514565108,MOMENTUM,False,False,False
2021-01-15,BULL_CALM,0.6269826686,hurst_momentum_bull,0.7388878681,MOMENTUM,False,False,False
2021-01-19,BULL_CALM,0.6378502673,hurst_momentum_bull,0.7464951871,MOMENTUM,False,False,False
2021-01-20,BULL_CALM,0.6045242429,hurst_momentum_bull,0.72316697,MOMENTUM,False,False,False
2021-01-21,BULL_CALM,0.6119883382,hurst_momentum_bull,0.7283918367,MOMENTUM,False,False,False
2021-01-22,BULL_CALM,0.5886564472,hurst_momentum_bull,0.712059513,MOMENTUM,False,False,False
2021-01-25,BULL_CALM,0.5954592506,hurst_momentum_bull,0.7168214754,MOMENTUM,False,False,False
2021-01-26,BULL_CALM,0.5925891031,hurst_momentum_bull,0.7148123721,MOMENTUM,False,False,False
2021-01-27,BULL_CALM,0.5625679366,hurst_momentum_bull,0.6937975556,MOMENTUM,False,False,False
2021-01-28,BULL_CALM,0.5384573499,hurst_momentum_bull,0.6769201449,MOMENTUM,False,False,False
2021-01-29,CHOPPY,0.5,hurst_momentum_vol_cluster_choppy,0.6878684711,MOMENTUM,False,True,True
2021-02-01,BEAR,0.5,hard_bear,0.6896153657,MOMENTUM,True,True,True
2021-02-02,BEAR,0.5,hard_bear,0.6901956848,MOMENTUM,True,False,True
2021-02-03,BULL_CALM,0.5,hurst_momentum_bull,0.6787159173,MOMENTUM,False,False,True
2021-02-04,BULL_VOLATILE,0.5,dominant_gmm,0.6416946473,AMBIGUOUS,False,False,True
2021-02-05,BULL_VOLATILE,0.5,dominant_gmm,0.623591287,AMBIGUOUS,False,False,True
2021-02-08,BULL_VOLATILE,0.9439887519,dominant_gmm,0.5863314753,AMBIGUOUS,False,False,False
2021-02-09,BULL_VOLATILE,0.9413822315,dominant_gmm,0.6138666459,AMBIGUOUS,False,False,False
2021-02-10,BULL_VOLATILE,0.9883781629,dominant_gmm,0.5915359647,AMBIGUOUS,False,False,False
2021-02-11,BULL_VOLATILE,0.9740569014,dominant_gmm,0.600089137,AMBIGUOUS,False,False,False
2021-02-12,BULL_VOLATILE,0.9947217195,dominant_gmm,0.5945922491,AMBIGUOUS,False,False,False
2021-02-16,BULL_VOLATILE,0.9899617142,dominant_gmm,0.6119393172,AMBIGUOUS,False,False,False
2021-02-17,BULL_VOLATILE,0.9069033817,dominant_gmm,0.6264325671,AMBIGUOUS,False,False,False
2021-02-18,BULL_CALM,0.5,hurst_momentum_bull,0.6812371889,MOMENTUM,False,False,True
2021-02-19,BULL_CALM,0.5,hurst_momentum_bull,0.6671880223,MOMENTUM,False,False,True
2021-02-22,BULL_CALM,0.5,hurst_momentum_bull,0.6609072064,MOMENTUM,False,False,True
2021-02-23,BULL_CALM,0.5223284934,hurst_momentum_bull,0.6656299454,MOMENTUM,False,False,False
2021-02-24,BULL_CALM,0.5443957059,hurst_momentum_bull,0.6810769941,MOMENTUM,False,False,False
2021-02-25,BULL_CALM,0.536770084,hurst_momentum_bull,0.6757390588,MOMENTUM,False,False,False
2021-02-26,CHOPPY,0.5,hurst_momentum_vol_cluster_choppy,0.6600466615,MOMENTUM,False,True,True
2021-03-01,BEAR,0.5,hard_bear,0.6639468263,MOMENTUM,True,False,True
2021-03-02,BEAR,0.5,hard_bear,0.6617948242,MOMENTUM,True,False,True
2021-03-03,BEAR,1,hard_bear,0.6890438185,MOMENTUM,True,True,False
2021-03-04,CHOPPY,0.5,hurst_momentum_vol_cluster_choppy,0.6598752258,MOMENTUM,False,True,True
2021-03-05,BEAR,0.5,hard_bear,0.6589261157,MOMENTUM,True,True,True
2021-03-08,BULL_CALM,0.5,hurst_momentum_bull,0.6503485614,MOMENTUM,False,False,True
2021-03-09,CHOPPY,0.5,hurst_momentum_vol_cluster_choppy,0.6654608091,MOMENTUM,False,True,True
2021-03-10,BULL_VOLATILE,0.5,dominant_gmm,0.6473716034,AMBIGUOUS,False,False,True
2021-03-11,BULL_CALM,0.5,hurst_momentum_bull,0.6606608681,MOMENTUM,False,False,True
2021-03-12,BULL_VOLATILE,0.5,dominant_gmm,0.6385976163,AMBIGUOUS,False,False,True
2021-03-15,BULL_VOLATILE,0.5,dominant_gmm,0.6411766223,AMBIGUOUS,False,False,True
2021-03-16,BULL_VOLATILE,0.5,dominant_gmm,0.6436248919,AMBIGUOUS,False,False,True
2021-03-17,BULL_CALM,0.5,hurst_momentum_bull,0.6643106384,MOMENTUM,False,False,True
2021-03-18,BULL_CALM,0.5,hurst_momentum_bull,0.6744156239,MOMENTUM,False,False,True
2021-03-19,BULL_CALM,0.5,hurst_momentum_bull,0.681749375,MOMENTUM,False,False,True
2021-03-22,BULL_CALM,0.5584065362,hurst_momentum_bull,0.6908845753,MOMENTUM,False,False,False
2021-03-23,BULL_CALM,0.5570592526,hurst_momentum_bull,0.6899414768,MOMENTUM,False,False,False
2021-03-24,BULL_CALM,0.5512162973,hurst_momentum_bull,0.6858514081,MOMENTUM,False,False,False
2021-03-25,BULL_CALM,0.56045159,hurst_momentum_bull,0.692316113,MOMENTUM,False,False,False
2021-03-26,BULL_CALM,0.5697422251,hurst_momentum_bull,0.6988195576,MOMENTUM,False,False,False
2021-03-29,BULL_CALM,0.5721950465,hurst_momentum_bull,0.7005365326,MOMENTUM,False,False,False
2021-03-30,BULL_CALM,0.5588615382,hurst_momentum_bull,0.6912030767,MOMENTUM,False,False,False
2021-03-31,BULL_CALM,0.5464384223,hurst_momentum_bull,0.6825068956,MOMENTUM,False,False,False
2021-04-01,BULL_CALM,0.5760092519,hurst_momentum_bull,0.7032064764,MOMENTUM,False,False,False
2021-04-05,BULL_CALM,0.558619206,hurst_momentum_bull,0.6910334442,MOMENTUM,False,False,False
2021-04-06,BULL_CALM,0.631448194,hurst_momentum_bull,0.7420137358,MOMENTUM,False,False,False
2021-04-07,BULL_CALM,0.6015873028,hurst_momentum_bull,0.721111112,MOMENTUM,False,False,False
2021-04-08,BULL_CALM,0.5763717396,hurst_momentum_bull,0.7034602177,MOMENTUM,False,False,False
2021-04-09,BULL_CALM,0.5547626517,hurst_momentum_bull,0.6883338562,MOMENTUM,False,False,False
2021-04-12,BULL_CALM,0.5640469116,hurst_momentum_bull,0.6948328381,MOMENTUM,False,False,False
2021-04-13,BULL_CALM,0.5609377295,hurst_momentum_bull,0.6926564106,MOMENTUM,False,False,False
2021-04-14,BULL_CALM,0.5570406444,hurst_momentum_bull,0.6899284511,MOMENTUM,False,False,False
2021-04-15,BULL_CALM,0.5602524922,hurst_momentum_bull,0.6921767446,MOMENTUM,False,False,False
2021-04-16,BULL_CALM,0.5442117279,hurst_momentum_bull,0.6809482096,MOMENTUM,False,False,False
2021-04-19,BULL_CALM,0.5406842387,hurst_momentum_bull,0.6784789671,MOMENTUM,False,False,False
2021-04-20,BULL_CALM,0.5449500839,hurst_momentum_bull,0.6814650587,MOMENTUM,False,False,False
2021-04-21,BULL_CALM,0.594811025,hurst_momentum_bull,0.7163677175,MOMENTUM,False,False,False
2021-04-22,BULL_CALM,0.5963321481,hurst_momentum_bull,0.7174325036,MOMENTUM,False,False,False
2021-04-23,BULL_CALM,0.5810307459,hurst_momentum_bull,0.7067215221,MOMENTUM,False,False,False
2021-04-26,BULL_CALM,0.5918225232,hurst_momentum_bull,0.7142757662,MOMENTUM,False,False,False
2021-04-27,BULL_CALM,0.590772122,hurst_momentum_bull,0.7135404854,MOMENTUM,False,False,False
2021-04-28,BULL_CALM,0.6119424754,hurst_momentum_bull,0.7283597328,MOMENTUM,False,False,False
2021-04-29,BULL_CALM,0.6133355106,hurst_momentum_bull,0.7293348574,MOMENTUM,False,False,False
2021-04-30,BULL_CALM,0.6755594117,hurst_momentum_bull,0.7728915882,MOMENTUM,False,False,False
2021-05-03,BULL_CALM,0.674656398,hurst_momentum_bull,0.7722594786,MOMENTUM,False,False,False
2021-05-04,BULL_CALM,0.6187146441,hurst_momentum_bull,0.7331002508,MOMENTUM,False,False,False
2021-05-05,BULL_CALM,0.6381595462,hurst_momentum_bull,0.7467116823,MOMENTUM,False,False,False
2021-05-06,BULL_CALM,0.5886932049,hurst_momentum_bull,0.7120852434,MOMENTUM,False,False,False
2021-05-07,BULL_CALM,0.6047279508,hurst_momentum_bull,0.7233095656,MOMENTUM,False,False,False
2021-05-10,BULL_CALM,0.5769488143,hurst_momentum_bull,0.70386417,MOMENTUM,False,False,False
2021-05-11,BULL_CALM,0.5907998281,hurst_momentum_bull,0.7135598796,MOMENTUM,False,False,False
2021-05-12,BULL_CALM,0.5763288067,hurst_momentum_bull,0.7034301647,MOMENTUM,False,False,False
2021-05-13,BULL_CALM,0.5644049361,hurst_momentum_bull,0.6950834553,MOMENTUM,False,False,False
2021-05-14,CHOPPY,0.5,hurst_momentum_vol_cluster_choppy,0.685727295,MOMENTUM,False,True,True
2021-05-17,CHOPPY,0.5,hurst_momentum_vol_cluster_choppy,0.6852353483,MOMENTUM,False,True,True
2021-05-18,CHOPPY,0.5,hurst_momentum_vol_cluster_choppy,0.6822789713,MOMENTUM,False,True,True
2021-05-19,BULL_CALM,0.5,hurst_momentum_bull,0.6707922017,MOMENTUM,False,False,True
2021-05-20,BULL_CALM,0.5,hurst_momentum_bull,0.664068493,MOMENTUM,False,False,True
2021-05-21,BULL_CALM,0.5,hurst_momentum_bull,0.6570745416,MOMENTUM,False,False,True
2021-05-24,BULL_VOLATILE,0.5,dominant_gmm,0.6395724862,AMBIGUOUS,False,False,True
2021-05-25,BULL_CALM,0.5,hurst_momentum_bull,0.6553252581,MOMENTUM,False,False,True
2021-05-26,BULL_VOLATILE,0.5,dominant_gmm,0.6330929823,AMBIGUOUS,False,False,True
2021-05-27,BULL_VOLATILE,0.6719530319,dominant_gmm,0.6452600098,AMBIGUOUS,False,False,False
2021-05-28,BULL_VOLATILE,0.5751714758,dominant_gmm,0.6455205991,AMBIGUOUS,False,False,False
2021-06-01,BULL_VOLATILE,0.6001467286,dominant_gmm,0.6386818908,AMBIGUOUS,False,False,False
2021-06-02,BULL_CALM,0.5,hurst_momentum_bull,0.6750788398,MOMENTUM,False,False,True
2021-06-03,BULL_CALM,0.5,hurst_momentum_bull,0.7189612667,MOMENTUM,False,False,True
2021-06-04,BULL_CALM,0.5,hurst_momentum_bull,0.7048744391,MOMENTUM,False,False,True
2021-06-07,BULL_CALM,0.6047964466,hurst_momentum_bull,0.7233575126,MOMENTUM,False,False,False
2021-06-08,BULL_CALM,0.5973248295,hurst_momentum_bull,0.7181273807,MOMENTUM,False,False,False
2021-06-09,BULL_CALM,0.6032389565,hurst_momentum_bull,0.7222672695,MOMENTUM,False,False,False
2021-06-10,BULL_CALM,0.6097473373,hurst_momentum_bull,0.7268231361,MOMENTUM,False,False,False
2021-06-11,BULL_CALM,0.604368511,hurst_momentum_bull,0.7230579577,MOMENTUM,False,False,False
2021-06-14,BULL_CALM,0.6228072961,hurst_momentum_bull,0.7359651072,MOMENTUM,False,False,False
2021-06-15,BULL_CALM,0.608875705,hurst_momentum_bull,0.7262129935,MOMENTUM,False,False,False
2021-06-16,BULL_CALM,0.6094523553,hurst_momentum_bull,0.7266166487,MOMENTUM,False,False,False
2021-06-17,BULL_CALM,0.5631048726,hurst_momentum_bull,0.6941734108,MOMENTUM,False,False,False
2021-06-18,BULL_CALM,0.5291866772,hurst_momentum_bull,0.6704306741,MOMENTUM,False,False,False
2021-06-21,BULL_CALM,0.5836426855,hurst_momentum_bull,0.7085498799,MOMENTUM,False,False,False
2021-06-22,CHOPPY,0.5,hurst_momentum_vol_cluster_choppy,0.6863539,MOMENTUM,False,True,True
2021-06-23,CHOPPY,0.5,hurst_momentum_vol_cluster_choppy,0.693518762,MOMENTUM,False,True,True
2021-06-24,CHOPPY,0.5,hurst_momentum_vol_cluster_choppy,0.687725804,MOMENTUM,False,True,True
2021-06-25,BULL_CALM,0.5,hurst_momentum_bull,0.7032137026,MOMENTUM,False,False,True
2021-06-28,BULL_CALM,0.5,hurst_momentum_bull,0.6871344128,MOMENTUM,False,False,True
2021-06-29,BULL_CALM,0.5,hurst_momentum_bull,0.7006078005,MOMENTUM,False,False,True
2021-06-30,BULL_CALM,0.5630872904,hurst_momentum_bull,0.6941611033,MOMENTUM,False,False,False
2021-07-01,BULL_CALM,0.5679524045,hurst_momentum_bull,0.6975666832,MOMENTUM,False,False,False
2021-07-02,BULL_CALM,0.929723561,dominant_gmm,0.647898715,AMBIGUOUS,False,False,False
2021-07-06,BULL_CALM,0.5106344276,hurst_momentum_bull,0.6574440993,MOMENTUM,False,False,False
2021-07-07,BULL_CALM,0.5180692296,hurst_momentum_bull,0.6626484607,MOMENTUM,False,False,False
2021-07-08,BULL_CALM,0.5132683525,hurst_momentum_bull,0.6592878468,MOMENTUM,False,False,False
2021-07-09,BULL_CALM,0.5311358092,hurst_momentum_bull,0.6717950664,MOMENTUM,False,False,False
2021-07-12,BULL_CALM,0.556229515,hurst_momentum_bull,0.6893606605,MOMENTUM,False,False,False
2021-07-13,BULL_CALM,0.5758258491,hurst_momentum_bull,0.7030780943,MOMENTUM,False,False,False
2021-07-14,BULL_CALM,0.5614970004,hurst_momentum_bull,0.6930479003,MOMENTUM,False,False,False
2021-07-15,BULL_CALM,0.5633308104,hurst_momentum_bull,0.6943315673,MOMENTUM,False,False,False
2021-07-16,BULL_CALM,0.5749840287,hurst_momentum_bull,0.7024888201,MOMENTUM,False,False,False
2021-07-19,BULL_CALM,0.579437972,hurst_momentum_bull,0.7056065804,MOMENTUM,False,False,False
2021-07-20,BULL_CALM,0.5862789089,hurst_momentum_bull,0.7103952362,MOMENTUM,False,False,False
2021-07-21,BULL_CALM,0.5931549047,hurst_momentum_bull,0.7152084333,MOMENTUM,False,False,False
2021-07-22,BULL_CALM,0.6051127805,hurst_momentum_bull,0.7235789463,MOMENTUM,False,False,False
2021-07-23,BULL_CALM,0.6066828071,hurst_momentum_bull,0.724677965,MOMENTUM,False,False,False
2021-07-26,BULL_CALM,0.6061525734,hurst_momentum_bull,0.7243068014,MOMENTUM,False,False,False
2021-07-27,BULL_CALM,0.600964961,hurst_momentum_bull,0.7206754727,MOMENTUM,False,False,False
2021-07-28,BULL_CALM,0.599467899,hurst_momentum_bull,0.7196275293,MOMENTUM,False,False,False
2021-07-29,BULL_CALM,0.5992117792,hurst_momentum_bull,0.7194482454,MOMENTUM,False,False,False
2021-07-30,BULL_CALM,0.6090860395,hurst_momentum_bull,0.7263602276,MOMENTUM,False,False,False
2021-08-02,BULL_CALM,0.5895095117,hurst_momentum_bull,0.7126566582,MOMENTUM,False,False,False
2021-08-03,BULL_CALM,0.5925516255,hurst_momentum_bull,0.7147861379,MOMENTUM,False,False,False
2021-08-04,BULL_CALM,0.6047345531,hurst_momentum_bull,0.7233141872,MOMENTUM,False,False,False
2021-08-05,BULL_CALM,0.6171590949,hurst_momentum_bull,0.7320113664,MOMENTUM,False,False,False
2021-08-06,BULL_CALM,0.6634569733,hurst_momentum_bull,0.7644198813,MOMENTUM,False,False,False
2021-08-09,BULL_CALM,0.5923447393,hurst_momentum_bull,0.7146413175,MOMENTUM,False,False,False
2021-08-10,BULL_CALM,0.5484490632,hurst_momentum_bull,0.6839143443,MOMENTUM,False,False,False
2021-08-11,BULL_CALM,0.6107677176,hurst_momentum_bull,0.7275374023,MOMENTUM,False,False,False
2021-08-12,BULL_CALM,0.5482072994,hurst_momentum_bull,0.6837451096,MOMENTUM,False,False,False
2021-08-13,BULL_CALM,0.5954862828,hurst_momentum_bull,0.716840398,MOMENTUM,False,False,False
2021-08-16,BULL_CALM,0.5934680188,hurst_momentum_bull,0.7154276132,MOMENTUM,False,False,False
2021-08-17,BULL_CALM,0.6257835335,hurst_momentum_bull,0.7380484734,MOMENTUM,False,False,False
2021-08-18,BULL_CALM,0.6477559129,hurst_momentum_bull,0.753429139,MOMENTUM,False,False,False
2021-08-19,BULL_CALM,0.6080193673,hurst_momentum_bull,0.7256135571,MOMENTUM,False,False,False
2021-08-20,BULL_CALM,0.6269831179,hurst_momentum_bull,0.7388881825,MOMENTUM,False,False,False
2021-08-23,BULL_CALM,0.6050072051,hurst_momentum_bull,0.7235050435,MOMENTUM,False,False,False
2021-08-24,BULL_CALM,0.6079376493,hurst_momentum_bull,0.7255563545,MOMENTUM,False,False,False
2021-08-25,BULL_CALM,0.6081750177,hurst_momentum_bull,0.7257225124,MOMENTUM,False,False,False
2021-08-26,BULL_CALM,0.6188349659,hurst_momentum_bull,0.7331844762,MOMENTUM,False,False,False
2021-08-27,BULL_CALM,0.6204417241,hurst_momentum_bull,0.7343092069,MOMENTUM,False,False,False
2021-08-30,BULL_CALM,0.6103059803,hurst_momentum_bull,0.7272141862,MOMENTUM,False,False,False
2021-08-31,BULL_CALM,0.6230306386,hurst_momentum_bull,0.736121447,MOMENTUM,False,False,False
2021-09-01,BULL_CALM,0.641916298,hurst_momentum_bull,0.7493414086,MOMENTUM,False,False,False
2021-09-02,BULL_CALM,0.6582000503,hurst_momentum_bull,0.7607400352,MOMENTUM,False,False,False
2021-09-03,BULL_CALM,0.6384828025,hurst_momentum_bull,0.7469379618,MOMENTUM,False,False,False
2021-09-07,BULL_CALM,0.6362429176,hurst_momentum_bull,0.7453700423,MOMENTUM,False,False,False
2021-09-08,BULL_CALM,0.6368984794,hurst_momentum_bull,0.7458289356,MOMENTUM,False,False,False
2021-09-09,BULL_CALM,0.6224461811,hurst_momentum_bull,0.7357123267,MOMENTUM,False,False,False
2021-09-10,BULL_CALM,0.6216497794,hurst_momentum_bull,0.7351548456,MOMENTUM,False,False,False
2021-09-13,BULL_CALM,0.5925374494,hurst_momentum_bull,0.7147762146,MOMENTUM,False,False,False
2021-09-14,BULL_CALM,0.5706861037,hurst_momentum_bull,0.6994802726,MOMENTUM,False,False,False
2021-09-15,BULL_CALM,0.5431952343,hurst_momentum_bull,0.680236664,MOMENTUM,False,False,False
2021-09-16,BULL_CALM,0.5316261003,hurst_momentum_bull,0.6721382702,MOMENTUM,False,False,False
2021-09-17,BULL_CALM,0.6068687394,hurst_momentum_bull,0.7248081176,MOMENTUM,False,False,False
2021-09-20,BULL_CALM,0.6004449514,hurst_momentum_bull,0.720311466,MOMENTUM,False,False,False
2021-09-21,BULL_CALM,0.5700659081,hurst_momentum_bull,0.6990461357,MOMENTUM,False,False,False
2021-09-22,BULL_CALM,0.5612586258,hurst_momentum_bull,0.6928810381,MOMENTUM,False,False,False
2021-09-23,CHOPPY,0.5,hurst_momentum_vol_cluster_choppy,0.7100982769,MOMENTUM,False,True,True
2021-09-24,CHOPPY,0.5,hurst_momentum_vol_cluster_choppy,0.7110633171,MOMENTUM,False,True,True
2021-09-27,BULL_CALM,0.5,hurst_momentum_bull,0.7103843308,MOMENTUM,False,False,True
2021-09-28,BULL_CALM,0.5797713403,hurst_momentum_bull,0.7058399382,MOMENTUM,False,False,False
2021-09-29,BULL_CALM,0.5877458844,hurst_momentum_bull,0.711422119,MOMENTUM,False,False,False
2021-09-30,BULL_CALM,0.5933821555,hurst_momentum_bull,0.7153675089,MOMENTUM,False,False,False
2021-10-01,BULL_CALM,0.5940924008,hurst_momentum_bull,0.7158646805,MOMENTUM,False,False,False
2021-10-04,BULL_CALM,0.5883617549,hurst_momentum_bull,0.7118532284,MOMENTUM,False,False,False
2021-10-05,BULL_CALM,0.594966797,hurst_momentum_bull,0.7164767579,MOMENTUM,False,False,False
2021-10-06,BULL_CALM,0.6266533647,hurst_momentum_bull,0.7386573553,MOMENTUM,False,False,False
2021-10-07,BULL_CALM,0.6387336307,hurst_momentum_bull,0.7471135415,MOMENTUM,False,False,False
2021-10-08,BULL_CALM,0.6449987239,hurst_momentum_bull,0.7514991067,MOMENTUM,False,False,False
2021-10-11,BULL_CALM,0.6000360019,hurst_momentum_bull,0.7200252014,MOMENTUM,False,False,False
2021-10-12,BULL_CALM,0.6064393147,hurst_momentum_bull,0.7245075203,MOMENTUM,False,False,False
2021-10-13,BULL_CALM,0.568076868,hurst_momentum_bull,0.6976538076,MOMENTUM,False,False,False
2021-10-14,BULL_CALM,0.5431175044,hurst_momentum_bull,0.6801822531,MOMENTUM,False,False,False
2021-10-15,BULL_CALM,0.620724646,hurst_momentum_bull,0.7345072522,MOMENTUM,False,False,False
2021-10-18,BULL_CALM,0.5501011068,hurst_momentum_bull,0.6850707747,MOMENTUM,False,False,False
2021-10-19,BULL_VOLATILE,0.5,dominant_gmm,0.6477611186,AMBIGUOUS,False,False,True
2021-10-20,BULL_CALM,0.5,dominant_gmm,0.6485118046,AMBIGUOUS,False,False,True
2021-10-21,BULL_CALM,0.5,dominant_gmm,0.611428246,AMBIGUOUS,False,False,True
2021-10-22,BULL_CALM,0.7894216806,dominant_gmm,0.6217878251,AMBIGUOUS,False,False,False
2021-10-25,BULL_VOLATILE,0.5,dominant_gmm,0.6153467221,AMBIGUOUS,False,False,True
2021-10-26,BULL_CALM,0.5,dominant_gmm,0.6099185896,AMBIGUOUS,False,False,True
2021-10-27,BULL_VOLATILE,0.5,dominant_gmm,0.6278869838,AMBIGUOUS,False,False,True
2021-10-28,BULL_CALM,0.5,dominant_gmm,0.6283471038,AMBIGUOUS,False,False,True
2021-10-29,BULL_CALM,0.5,dominant_gmm,0.6450798091,AMBIGUOUS,False,False,True
2021-11-01,BULL_CALM,0.5,hurst_momentum_bull,0.6583041835,MOMENTUM,False,False,True
2021-11-02,BULL_CALM,0.9927519415,dominant_gmm,0.6491541032,AMBIGUOUS,False,False,False
2021-11-03,BULL_CALM,0.5446683272,hurst_momentum_bull,0.681267829,MOMENTUM,False,False,False
2021-11-04,BULL_CALM,0.5576884872,hurst_momentum_bull,0.690381941,MOMENTUM,False,False,False
2021-11-05,BULL_CALM,0.5666313819,hurst_momentum_bull,0.6966419673,MOMENTUM,False,False,False
2021-11-08,BULL_CALM,0.5782808587,hurst_momentum_bull,0.7047966011,MOMENTUM,False,False,False
2021-11-09,BULL_CALM,0.5997713167,hurst_momentum_bull,0.7198399217,MOMENTUM,False,False,False
2021-11-10,BULL_CALM,0.6140605832,hurst_momentum_bull,0.7298424082,MOMENTUM,False,False,False
2021-11-11,BULL_CALM,0.6158060746,hurst_momentum_bull,0.7310642522,MOMENTUM,False,False,False
2021-11-12,BULL_CALM,0.6227770243,hurst_momentum_bull,0.735943917,MOMENTUM,False,False,False
2021-11-15,BULL_CALM,0.6115670224,hurst_momentum_bull,0.7280969157,MOMENTUM,False,False,False
2021-11-16,BULL_CALM,0.6217203977,hurst_momentum_bull,0.7352042784,MOMENTUM,False,False,False
2021-11-17,BULL_CALM,0.6014286461,hurst_momentum_bull,0.7210000522,MOMENTUM,False,False,False
2021-11-18,BULL_CALM,0.5451315338,hurst_momentum_bull,0.6815920737,MOMENTUM,False,False,False
2021-11-19,BULL_CALM,0.5134181855,hurst_momentum_bull,0.6593927299,MOMENTUM,False,False,False
2021-11-22,BULL_CALM,0.512175159,hurst_momentum_bull,0.6585226113,MOMENTUM,False,False,False
2021-11-23,BULL_CALM,0.9999952777,dominant_gmm,0.6485849388,AMBIGUOUS,False,False,False
2021-11-24,BULL_CALM,0.5404592013,hurst_momentum_bull,0.6783214409,MOMENTUM,False,False,False
2021-11-26,BULL_CALM,0.5096944214,hurst_momentum_bull,0.656786095,MOMENTUM,False,False,False
2021-11-29,CHOPPY,0.5,hurst_momentum_vol_cluster_choppy,0.6575795323,MOMENTUM,False,True,True
2021-11-30,CHOPPY,0.5,hurst_momentum_vol_cluster_choppy,0.6538151327,MOMENTUM,False,True,True
2021-12-01,BULL_CALM,0.5,hurst_momentum_bull,0.6500840887,MOMENTUM,False,False,True
2021-12-02,BEAR,0.5,hard_bear,0.6601582255,MOMENTUM,True,True,True
2021-12-03,BULL_CALM,0.5,hurst_momentum_bull,0.6647563395,MOMENTUM,False,False,True
2021-12-06,BULL_CALM,0.5,hurst_momentum_bull,0.6681455069,MOMENTUM,False,False,True
2021-12-07,CHOPPY,0.5,hurst_momentum_vol_cluster_choppy,0.6540611918,MOMENTUM,False,True,True
2021-12-08,BULL_CALM,0.5,hurst_momentum_bull,0.6610721206,MOMENTUM,False,False,True
2021-12-09,BULL_CALM,0.5,hurst_momentum_bull,0.6787528055,MOMENTUM,False,False,True
2021-12-10,BULL_CALM,0.5509296604,hurst_momentum_bull,0.6856507623,MOMENTUM,False,False,False
2021-12-13,BULL_CALM,0.5757817205,hurst_momentum_bull,0.7030472043,MOMENTUM,False,False,False
2021-12-14,BULL_CALM,0.5697706702,hurst_momentum_bull,0.6988394691,MOMENTUM,False,False,False
2021-12-15,BULL_CALM,0.5733199872,hurst_momentum_bull,0.701323991,MOMENTUM,False,False,False
2021-12-16,BULL_CALM,0.5566147957,hurst_momentum_bull,0.689630357,MOMENTUM,False,False,False
2021-12-17,BULL_CALM,0.6020334116,hurst_momentum_bull,0.7214233881,MOMENTUM,False,False,False
2021-12-20,BULL_CALM,0.6249803989,hurst_momentum_bull,0.7374862792,MOMENTUM,False,False,False
2021-12-21,CHOPPY,0.5,hurst_momentum_vol_cluster_choppy,0.7301571355,MOMENTUM,False,True,True
2021-12-22,CHOPPY,0.5,hurst_momentum_vol_cluster_choppy,0.7168071063,MOMENTUM,False,True,True
2021-12-23,CHOPPY,0.5,hurst_momentum_vol_cluster_choppy,0.7105035682,MOMENTUM,False,True,True
2021-12-27,BULL_CALM,0.5,hurst_momentum_bull,0.6870871027,MOMENTUM,False,False,True
2021-12-28,BULL_VOLATILE,0.5,dominant_gmm,0.645508461,AMBIGUOUS,False,False,True
2021-12-29,BULL_VOLATILE,0.5,dominant_gmm,0.6308321595,AMBIGUOUS,False,False,True
2021-12-30,BULL_VOLATILE,0.9744578887,dominant_gmm,0.6328078624,AMBIGUOUS,False,False,False
2021-12-31,BULL_CALM,0.5,hurst_momentum_bull,0.6522386064,MOMENTUM,False,False,True
2022-01-03,BULL_VOLATILE,0.5,dominant_gmm,0.6351893326,AMBIGUOUS,False,False,True
2022-01-04,BULL_CALM,0.5,hurst_momentum_bull,0.6670744447,MOMENTUM,False,False,True
2022-01-05,BULL_CALM,0.519111627,hurst_momentum_bull,0.6633781389,MOMENTUM,False,False,False
2022-01-06,BULL_CALM,0.5966079264,hurst_momentum_bull,0.7176255485,MOMENTUM,False,False,False
2022-01-07,BULL_CALM,0.5988090685,hurst_momentum_bull,0.7191663479,MOMENTUM,False,False,False
2022-01-10,BULL_CALM,0.5577418871,hurst_momentum_bull,0.690419321,MOMENTUM,False,False,False
2022-01-11,BULL_CALM,0.5517406947,hurst_momentum_bull,0.6862184863,MOMENTUM,False,False,False
2022-01-12,BULL_CALM,0.5498456009,hurst_momentum_bull,0.6848919206,MOMENTUM,False,False,False
2022-01-13,BULL_CALM,0.5545706777,hurst_momentum_bull,0.6881994744,MOMENTUM,False,False,False
2022-01-14,BULL_CALM,0.552939279,hurst_momentum_bull,0.6870574953,MOMENTUM,False,False,False
2022-01-18,BULL_CALM,0.5385194856,hurst_momentum_bull,0.6769636399,MOMENTUM,False,False,False
2022-01-19,BULL_CALM,0.5321118196,hurst_momentum_bull,0.6724782737,MOMENTUM,False,False,False
2022-01-20,BEAR,0.5,hard_bear,0.6840668794,MOMENTUM,True,False,True
2022-01-21,BEAR,0.5,hard_bear,0.6783199219,MOMENTUM,True,False,True
2022-01-24,BEAR,0.5,hard_bear,0.6659238546,MOMENTUM,True,False,True
2022-01-25,BEAR,1,hard_bear,0.6798450045,MOMENTUM,True,False,False
2022-01-26,BEAR,1,hard_bear,0.7157063382,MOMENTUM,True,False,False
2022-01-27,BEAR,1,hard_bear,0.7217126527,MOMENTUM,True,False,False
2022-01-28,BEAR,0.5811021331,hurst_momentum_spy_bearish,0.7067714932,MOMENTUM,False,False,False
2022-01-31,BEAR,1,hard_bear,0.7209402493,MOMENTUM,True,False,False
2022-02-01,BULL_CALM,0.5,hurst_momentum_bull,0.7237692327,MOMENTUM,False,False,True
2022-02-02,BULL_CALM,0.5,hurst_momentum_bull,0.7150213682,MOMENTUM,False,False,True
2022-02-03,BEAR,0.5,hard_bear,0.7285613294,MOMENTUM,True,False,True
2022-02-04,BULL_CALM,0.5,hurst_momentum_bull,0.7299023437,MOMENTUM,False,False,True
2022-02-07,BULL_CALM,0.5,hurst_momentum_bull,0.7650748416,MOMENTUM,False,False,True
2022-02-08,BULL_CALM,0.5,hurst_momentum_bull,0.7634670483,MOMENTUM,False,False,True
2022-02-09,BULL_CALM,0.6578895331,hurst_momentum_bull,0.7605226732,MOMENTUM,False,False,False
2022-02-10,BULL_CALM,0.6439882384,hurst_momentum_bull,0.7507917669,MOMENTUM,False,False,False
2022-02-11,BEAR,0.5,hurst_momentum_spy_bearish,0.7558404756,MOMENTUM,False,False,True
2022-02-14,BEAR,0.5,hurst_momentum_spy_bearish,0.7526802221,MOMENTUM,False,False,True
2022-02-15,BEAR,0.5,hard_bear,0.741080645,MOMENTUM,True,False,True
2022-02-16,BULL_CALM,0.5,hurst_momentum_bull,0.7318331084,MOMENTUM,False,False,True
2022-02-17,BEAR,0.5,hurst_momentum_spy_bearish,0.7302368214,MOMENTUM,False,False,True
2022-02-18,BEAR,0.5,hurst_momentum_spy_bearish,0.7272531439,MOMENTUM,False,False,True
2022-02-22,BEAR,0.6004502546,hurst_momentum_spy_bearish,0.7203151782,MOMENTUM,False,False,False
2022-02-23,BEAR,1,hard_bear,0.7069782542,MOMENTUM,True,False,False
2022-02-24,BEAR,1,hard_bear,0.7101101755,MOMENTUM,True,False,False
2022-02-25,BEAR,1,hard_bear,0.7131106505,MOMENTUM,True,False,False
2022-02-28,BEAR,1,hard_bear,0.6997671725,MOMENTUM,True,False,False
2022-03-01,BEAR,1,hard_bear,0.7139940121,MOMENTUM,True,False,False
2022-03-02,BEAR,1,hard_bear,0.7129290044,MOMENTUM,True,False,False
2022-03-03,BEAR,1,hard_bear,0.7232572002,MOMENTUM,True,False,False
2022-03-04,BEAR,0.576043811,hurst_momentum_spy_bearish,0.7032306677,MOMENTUM,False,False,False
2022-03-07,BEAR,1,hard_bear,0.700772008,MOMENTUM,True,False,False
2022-03-08,BEAR,1,hard_bear,0.7080354773,MOMENTUM,True,False,False
2022-03-09,BEAR,1,hard_bear,0.7551411167,MOMENTUM,True,False,False
2022-03-10,BEAR,1,hard_bear,0.7534510844,MOMENTUM,True,False,False
2022-03-11,BEAR,1,hard_bear,0.7500161305,MOMENTUM,True,False,False
2022-03-14,BEAR,1,hard_bear,0.7792297576,MOMENTUM,True,False,False
2022-03-15,BEAR,1,hard_bear,0.7769370121,MOMENTUM,True,False,False
2022-03-16,BEAR,1,hard_bear,0.7566109163,MOMENTUM,True,False,False
2022-03-17,BEAR,1,hard_bear,0.8006522962,MOMENTUM,True,False,False
2022-03-18,BULL_CALM,0.5,hurst_momentum_bull,0.7780558529,MOMENTUM,False,False,True
2022-03-21,BULL_CALM,0.5,hurst_momentum_bull,0.777339192,MOMENTUM,False,False,True
2022-03-22,BULL_CALM,0.5,hurst_momentum_bull,0.7855975049,MOMENTUM,False,False,True
2022-03-23,BULL_CALM,0.6713187868,hurst_momentum_bull,0.7699231508,MOMENTUM,False,False,False
2022-03-24,BULL_CALM,0.6594286689,hurst_momentum_bull,0.7616000682,MOMENTUM,False,False,False
2022-03-25,BULL_CALM,0.6541707302,hurst_momentum_bull,0.7579195111,MOMENTUM,False,False,False
2022-03-28,BULL_CALM,0.6196283587,hurst_momentum_bull,0.7337398511,MOMENTUM,False,False,False
2022-03-29,BULL_CALM,0.6280137287,hurst_momentum_bull,0.7396096101,MOMENTUM,False,False,False
2022-03-30,BULL_CALM,0.618234706,hurst_momentum_bull,0.7327642942,MOMENTUM,False,False,False
2022-03-31,BULL_CALM,0.6284922588,hurst_momentum_bull,0.7399445812,MOMENTUM,False,False,False
2022-04-01,BULL_CALM,0.6299579193,hurst_momentum_bull,0.7409705435,MOMENTUM,False,False,False
2022-04-04,BULL_CALM,0.6326911978,hurst_momentum_bull,0.7428838385,MOMENTUM,False,False,False
2022-04-05,BULL_CALM,0.6300935686,hurst_momentum_bull,0.741065498,MOMENTUM,False,False,False
2022-04-06,BULL_CALM,0.6420157892,hurst_momentum_bull,0.7494110525,MOMENTUM,False,False,False
2022-04-07,BULL_CALM,0.6273382969,hurst_momentum_bull,0.7391368078,MOMENTUM,False,False,False
2022-04-08,BULL_CALM,0.6386359302,hurst_momentum_bull,0.7470451512,MOMENTUM,False,False,False
2022-04-11,BEAR,0.5,hurst_momentum_spy_bearish,0.7440745597,MOMENTUM,False,False,True
2022-04-12,BEAR,0.5,hurst_momentum_spy_bearish,0.7689187946,MOMENTUM,False,False,True
2022-04-13,BULL_CALM,0.5,hurst_momentum_bull,0.7723290407,MOMENTUM,False,False,True
2022-04-14,BEAR,0.5,hurst_momentum_spy_bearish,0.7606084723,MOMENTUM,False,False,True
2022-04-18,BEAR,0.5,hurst_momentum_spy_bearish,0.7635545209,MOMENTUM,False,False,True
2022-04-19,BULL_CALM,0.5,hurst_momentum_bull,0.7636688598,MOMENTUM,False,False,True
2022-04-20,BULL_CALM,0.6508793247,hurst_momentum_bull,0.7556155273,MOMENTUM,False,False,False
2022-04-21,BEAR,0.5,hurst_momentum_spy_bearish,0.750686514,MOMENTUM,False,False,True
2022-04-22,BEAR,0.5,hard_bear,0.7541497858,MOMENTUM,True,False,True
2022-04-25,BEAR,0.5,hard_bear,0.7496697965,MOMENTUM,True,False,True
2022-04-26,BEAR,1,hard_bear,0.7599780577,MOMENTUM,True,False,False
2022-04-27,BEAR,1,hard_bear,0.7742433965,MOMENTUM,True,False,False
2022-04-28,BEAR,1,hard_bear,0.7748628482,MOMENTUM,True,False,False
2022-04-29,BEAR,1,hard_bear,0.7600417519,MOMENTUM,True,False,False
2022-05-02,BEAR,1,hard_bear,0.7387965867,MOMENTUM,True,False,False
2022-05-03,BEAR,1,hard_bear,0.7237695235,MOMENTUM,True,False,False
2022-05-04,BEAR,1,hard_bear,0.6910261618,MOMENTUM,True,False,False
2022-05-05,BEAR,1,hard_bear,0.7358158314,MOMENTUM,True,False,False
2022-05-06,BEAR,1,hard_bear,0.7156416796,MOMENTUM,True,False,False
2022-05-09,BEAR,1,hard_bear,0.7207709302,MOMENTUM,True,False,False
2022-05-10,BEAR,1,hard_bear,0.6846011244,MOMENTUM,True,False,False
2022-05-11,BEAR,1,hard_bear,0.6816218914,MOMENTUM,True,False,False
2022-05-12,BEAR,1,hard_bear,0.6481709666,AMBIGUOUS,True,False,False
2022-05-13,BEAR,1,hard_bear,0.6712416085,MOMENTUM,True,False,False
2022-05-16,BEAR,1,hard_bear,0.6684009685,MOMENTUM,True,False,False
2022-05-17,BEAR,1,hard_bear,0.6653004324,MOMENTUM,True,False,False
2022-05-18,BEAR,1,hard_bear,0.6514904579,MOMENTUM,True,False,False
2022-05-19,BEAR,1,hard_bear,0.6389562427,AMBIGUOUS,True,False,False
2022-05-20,BEAR,1,hard_bear,0.6314697014,AMBIGUOUS,True,False,False
2022-05-23,BEAR,1,hard_bear,0.6446045575,AMBIGUOUS,True,False,False
2022-05-24,BEAR,1,hard_bear,0.6598187021,MOMENTUM,True,False,False
2022-05-25,BEAR,0.519762128,hurst_momentum_spy_bearish,0.6638334896,MOMENTUM,False,False,False
2022-05-26,BEAR,0.5534318868,hurst_momentum_spy_bearish,0.6874023208,MOMENTUM,False,False,False
2022-05-27,BEAR,0.548147764,hurst_momentum_spy_bearish,0.6837034348,MOMENTUM,False,False,False
2022-05-31,BEAR,0.5480498057,hurst_momentum_spy_bearish,0.683634864,MOMENTUM,False,False,False
2022-06-01,BEAR,0.5940441963,hurst_momentum_spy_bearish,0.7158309374,MOMENTUM,False,False,False
2022-06-02,BEAR,0.5895310224,hurst_momentum_spy_bearish,0.7126717157,MOMENTUM,False,False,False
2022-06-03,BEAR,1,hard_bear,0.7125242227,MOMENTUM,True,False,False
2022-06-06,BEAR,0.5645461707,hurst_momentum_spy_bearish,0.6951823195,MOMENTUM,False,False,False
2022-06-07,BEAR,0.5432908716,hurst_momentum_spy_bearish,0.6803036101,MOMENTUM,False,False,False
2022-06-08,BEAR,0.645322535,hurst_momentum_spy_bearish,0.7517257745,MOMENTUM,False,False,False
2022-06-09,BEAR,0.6358541979,hurst_momentum_spy_bearish,0.7450979385,MOMENTUM,False,False,False
2022-06-10,BEAR,1,hard_bear,0.7347953196,MOMENTUM,True,False,False
2022-06-13,BEAR,1,hard_bear,0.7379791976,MOMENTUM,True,False,False
2022-06-14,BEAR,1,hard_bear,0.71953347,MOMENTUM,True,False,False
2022-06-15,BEAR,1,hard_bear,0.704056265,MOMENTUM,True,False,False
2022-06-16,BEAR,1,hard_bear,0.6783739127,MOMENTUM,True,False,False
2022-06-17,BEAR,1,hard_bear,0.6539225186,MOMENTUM,True,False,False
2022-06-21,BEAR,1,hard_bear,0.6494309474,AMBIGUOUS,True,False,False
2022-06-22,BEAR,1,hard_bear,0.6695008928,MOMENTUM,True,False,False
2022-06-23,BEAR,1,hard_bear,0.6877226875,MOMENTUM,True,False,False
2022-06-24,BEAR,0.5100582218,hurst_momentum_spy_bearish,0.6570407552,MOMENTUM,False,False,False
2022-06-27,BEAR,1,hard_bear,0.6478292576,AMBIGUOUS,True,False,False
2022-06-28,BEAR,1,hard_bear,0.6624471076,MOMENTUM,True,False,False
2022-06-29,BEAR,1,hard_bear,0.6745141085,MOMENTUM,True,False,False
2022-06-30,BEAR,1,hard_bear,0.6740005246,MOMENTUM,True,False,False
2022-07-01,BEAR,1,hard_bear,0.6605853921,MOMENTUM,True,False,False
2022-07-05,BEAR,0.5120340996,hurst_momentum_spy_bearish,0.6584238697,MOMENTUM,False,False,False
2022-07-06,BEAR,0.5116794104,hurst_momentum_spy_bearish,0.6581755873,MOMENTUM,False,False,False
2022-07-07,BEAR,0.522239958,hurst_momentum_spy_bearish,0.6655679706,MOMENTUM,False,False,False
2022-07-08,BEAR,0.5248733145,hurst_momentum_spy_bearish,0.6674113202,MOMENTUM,False,False,False
2022-07-11,BEAR,0.5246530053,hurst_momentum_spy_bearish,0.6672571037,MOMENTUM,False,False,False
2022-07-12,BEAR,0.5299910487,hurst_momentum_spy_bearish,0.6709937341,MOMENTUM,False,False,False
2022-07-13,BEAR,0.5454251648,hurst_momentum_spy_bearish,0.6817976153,MOMENTUM,False,False,False
2022-07-14,BEAR,0.541005432,hurst_momentum_spy_bearish,0.6787038024,MOMENTUM,False,False,False
2022-07-15,BEAR,0.542871161,hurst_momentum_spy_bearish,0.6800098127,MOMENTUM,False,False,False
2022-07-18,BEAR,0.5557587993,hurst_momentum_spy_bearish,0.6890311595,MOMENTUM,False,False,False
2022-07-19,BEAR,1,hard_bear,0.6917565069,MOMENTUM,True,False,False
2022-07-20,BULL_CALM,0.5,hurst_momentum_bull,0.6953230905,MOMENTUM,False,False,True
2022-07-21,BULL_CALM,0.5,hurst_momentum_bull,0.6998307825,MOMENTUM,False,False,True
2022-07-22,BULL_CALM,0.5,hurst_momentum_bull,0.6986655927,MOMENTUM,False,False,True
2022-07-25,BULL_CALM,0.5913546717,hurst_momentum_bull,0.7139482702,MOMENTUM,False,False,False
2022-07-26,BEAR,0.5,hurst_momentum_spy_bearish,0.7055753473,MOMENTUM,False,False,True
2022-07-27,BULL_CALM,0.5,hurst_momentum_bull,0.7365042462,MOMENTUM,False,False,True
2022-07-28,BULL_CALM,0.5,hurst_momentum_bull,0.7213324748,MOMENTUM,False,False,True
2022-07-29,BULL_CALM,0.5828860115,hurst_momentum_bull,0.708020208,MOMENTUM,False,False,False
2022-08-01,BULL_CALM,0.598560192,hurst_momentum_bull,0.7189921344,MOMENTUM,False,False,False
2022-08-02,BULL_CALM,0.5988664467,hurst_momentum_bull,0.7192065127,MOMENTUM,False,False,False
2022-08-03,BULL_CALM,0.5787010025,hurst_momentum_bull,0.7050907018,MOMENTUM,False,False,False
2022-08-04,BULL_CALM,0.6420140657,hurst_momentum_bull,0.749409846,MOMENTUM,False,False,False
2022-08-05,BULL_CALM,0.6103483791,hurst_momentum_bull,0.7272438654,MOMENTUM,False,False,False
2022-08-08,BULL_CALM,0.6077926171,hurst_momentum_bull,0.725454832,MOMENTUM,False,False,False
2022-08-09,BULL_CALM,0.5753249253,hurst_momentum_bull,0.7027274477,MOMENTUM,False,False,False
2022-08-10,BULL_CALM,0.5912621278,hurst_momentum_bull,0.7138834894,MOMENTUM,False,False,False
2022-08-11,BULL_CALM,0.5890667806,hurst_momentum_bull,0.7123467464,MOMENTUM,False,False,False
2022-08-12,BULL_CALM,0.6044252173,hurst_momentum_bull,0.7230976521,MOMENTUM,False,False,False
2022-08-15,BULL_CALM,0.5939162,hurst_momentum_bull,0.71574134,MOMENTUM,False,False,False
2022-08-16,BULL_CALM,0.5981986058,hurst_momentum_bull,0.718739024,MOMENTUM,False,False,False
2022-08-17,BULL_CALM,0.6092977985,hurst_momentum_bull,0.7265084589,MOMENTUM,False,False,False
2022-08-18,BULL_CALM,0.6538817767,hurst_momentum_bull,0.7577172437,MOMENTUM,False,False,False
2022-08-19,BULL_CALM,0.6578386074,hurst_momentum_bull,0.7604870252,MOMENTUM,False,False,False
2022-08-22,BULL_CALM,0.6342642299,hurst_momentum_bull,0.743984961,MOMENTUM,False,False,False
2022-08-23,BEAR,0.5,hard_bear,0.7259862276,MOMENTUM,True,False,True
2022-08-24,BULL_CALM,0.5,hurst_momentum_bull,0.7400698382,MOMENTUM,False,False,True
2022-08-25,BULL_CALM,0.5,hurst_momentum_bull,0.7286552726,MOMENTUM,False,False,True
2022-08-26,BEAR,0.5,hard_bear,0.7261917709,MOMENTUM,True,False,True
2022-08-29,BEAR,0.5,hard_bear,0.7036973578,MOMENTUM,True,False,True
2022-08-30,BEAR,0.5,hard_bear,0.7120713825,MOMENTUM,True,False,True
2022-08-31,BEAR,1,hard_bear,0.7105191928,MOMENTUM,True,False,False
2022-09-01,BEAR,1,hard_bear,0.713239303,MOMENTUM,True,False,False
2022-09-02,BEAR,0.6019418617,hurst_momentum_spy_bearish,0.7213593032,MOMENTUM,False,False,False
2022-09-06,BEAR,0.6199521543,hurst_momentum_spy_bearish,0.733966508,MOMENTUM,False,False,False
2022-09-07,BEAR,0.6448223908,hurst_momentum_spy_bearish,0.7513756736,MOMENTUM,False,False,False
2022-09-08,BEAR,0.6404252186,hurst_momentum_spy_bearish,0.748297653,MOMENTUM,False,False,False
2022-09-09,BULL_CALM,0.5,hurst_momentum_bull,0.7257913358,MOMENTUM,False,False,True
2022-09-12,BULL_CALM,0.5,hurst_momentum_bull,0.6990465281,MOMENTUM,False,False,True
2022-09-13,BEAR,0.5,hard_bear,0.6811955896,MOMENTUM,True,False,True
2022-09-14,BEAR,1,hard_bear,0.694305005,MOMENTUM,True,False,False
2022-09-15,BEAR,1,hard_bear,0.7019823861,MOMENTUM,True,False,False
2022-09-16,BEAR,1,hard_bear,0.7652698143,MOMENTUM,True,False,False
2022-09-19,BEAR,1,hard_bear,0.7659587229,MOMENTUM,True,False,False
2022-09-20,BEAR,0.6124677887,hurst_momentum_spy_bearish,0.7287274521,MOMENTUM,False,False,False
2022-09-21,BEAR,1,hard_bear,0.7400318562,MOMENTUM,True,False,False
2022-09-22,BEAR,1,hard_bear,0.7215647608,MOMENTUM,True,False,False
2022-09-23,BEAR,1,hard_bear,0.707283016,MOMENTUM,True,False,False
2022-09-26,BEAR,1,hard_bear,0.7028094398,MOMENTUM,True,False,False
2022-09-27,BEAR,1,hard_bear,0.6758941968,MOMENTUM,True,False,False
2022-09-28,BEAR,0.5258393003,hurst_momentum_spy_bearish,0.6680875102,MOMENTUM,False,False,False
2022-09-29,BEAR,1,hard_bear,0.6712028489,MOMENTUM,True,False,False
2022-09-30,BEAR,1,hard_bear,0.6649049542,MOMENTUM,True,False,False
2022-10-03,BEAR,1,hard_bear,0.6739538307,MOMENTUM,True,False,False
2022-10-04,BEAR,1,hard_bear,0.666640071,MOMENTUM,True,False,False
2022-10-05,BEAR,1,hard_bear,0.6832942127,MOMENTUM,True,False,False
2022-10-06,BEAR,1,hard_bear,0.6784772963,MOMENTUM,True,False,False
2022-10-07,BEAR,1,hard_bear,0.6552294685,MOMENTUM,True,False,False
2022-10-10,BEAR,1,hard_bear,0.6500571178,MOMENTUM,True,False,False
2022-10-11,BEAR,1,hard_bear,0.6506687845,MOMENTUM,True,False,False
2022-10-12,BEAR,1,hard_bear,0.6537056988,MOMENTUM,True,False,False
2022-10-13,BEAR,1,hard_bear,0.6736292745,MOMENTUM,True,False,False
2022-10-14,BEAR,1,hard_bear,0.6769714726,MOMENTUM,True,False,False
2022-10-17,BEAR,1,hard_bear,0.7197662466,MOMENTUM,True,False,False
2022-10-18,BEAR,1,hard_bear,0.7321132451,MOMENTUM,True,False,False
2022-10-19,BEAR,1,hard_bear,0.759067338,MOMENTUM,True,False,False
2022-10-20,BEAR,1,hard_bear,0.764840988,MOMENTUM,True,False,False
2022-10-21,BEAR,1,hard_bear,0.7701661721,MOMENTUM,True,False,False
2022-10-24,BEAR,0.680214701,hurst_momentum_spy_bearish,0.7761502907,MOMENTUM,False,False,False
2022-10-25,BEAR,0.6642651853,hurst_momentum_spy_bearish,0.7649856297,MOMENTUM,False,False,False
2022-10-26,BEAR,0.6703139656,hurst_momentum_spy_bearish,0.7692197759,MOMENTUM,False,False,False
2022-10-27,BEAR,0.6780134599,hurst_momentum_spy_bearish,0.7746094219,MOMENTUM,False,False,False
2022-10-28,BULL_CALM,0.5,hurst_momentum_bull,0.7726706249,MOMENTUM,False,False,True
2022-10-31,BULL_CALM,0.5,hurst_momentum_bull,0.7551497725,MOMENTUM,False,False,True
2022-11-01,BULL_CALM,0.5,hurst_momentum_bull,0.7277538132,MOMENTUM,False,False,True
2022-11-02,BEAR,0.5,hard_bear,0.7069350734,MOMENTUM,True,False,True
2022-11-03,BEAR,0.5,hard_bear,0.7055026654,MOMENTUM,True,False,True
2022-11-04,BEAR,0.5,hurst_momentum_spy_bearish,0.685569174,MOMENTUM,False,False,True
2022-11-07,BEAR,1,hard_bear,0.672609438,MOMENTUM,True,False,False
2022-11-08,BEAR,1,hard_bear,0.6512228005,MOMENTUM,True,False,False
2022-11-09,BULL_VOLATILE,0.5,dominant_gmm,0.6453627542,AMBIGUOUS,False,False,True
2022-11-10,BEAR,0.5,hard_bear,0.6655874026,MOMENTUM,True,False,True
2022-11-11,BEAR,0.5,hard_bear,0.6610742677,MOMENTUM,True,False,True
2022-11-14,BEAR,1,hard_bear,0.6557156666,MOMENTUM,True,False,False
2022-11-15,BEAR,1,hard_bear,0.6530054107,MOMENTUM,True,False,False
2022-11-16,BEAR,1,hard_bear,0.6647660293,MOMENTUM,True,False,False
2022-11-17,BULL_VOLATILE,0.5,dominant_gmm,0.6499016072,AMBIGUOUS,False,False,True
2022-11-18,BULL_VOLATILE,0.5,dominant_gmm,0.6472214111,AMBIGUOUS,False,False,True
2022-11-21,BULL_CALM,0.5,hurst_momentum_bull,0.66277455,MOMENTUM,False,False,True
2022-11-22,BULL_CALM,0.5144720358,hurst_momentum_bull,0.6601304251,MOMENTUM,False,False,False
2022-11-23,BULL_VOLATILE,0.5,dominant_gmm,0.6468667444,AMBIGUOUS,False,False,True
2022-11-25,BULL_CALM,0.5,hurst_momentum_bull,0.6798987876,MOMENTUM,False,False,True
2022-11-28,BULL_CALM,0.5,hurst_momentum_bull,0.6741791642,MOMENTUM,False,False,True
2022-11-29,BULL_CALM,0.5542314513,hurst_momentum_bull,0.6879620159,MOMENTUM,False,False,False
2022-11-30,BEAR,0.5,hard_bear,0.687849528,MOMENTUM,True,False,True
2022-12-01,BEAR,0.5,hard_bear,0.6896030083,MOMENTUM,True,False,True
2022-12-02,BEAR,0.5,hard_bear,0.7118383688,MOMENTUM,True,False,True
2022-12-05,BEAR,1,hard_bear,0.6936172923,MOMENTUM,True,False,False
2022-12-06,BEAR,1,hard_bear,0.662196501,MOMENTUM,True,False,False
2022-12-07,BULL_VOLATILE,0.5,dominant_gmm,0.6477905611,AMBIGUOUS,False,False,True
2022-12-08,BULL_VOLATILE,0.5,dominant_gmm,0.6427986666,AMBIGUOUS,False,False,True
2022-12-09,BULL_VOLATILE,0.5,dominant_gmm,0.6360440345,AMBIGUOUS,False,False,True
2022-12-12,BULL_VOLATILE,0.9973598653,dominant_gmm,0.6240264693,AMBIGUOUS,False,False,False
2022-12-13,BULL_VOLATILE,0.9927664596,dominant_gmm,0.6258012642,AMBIGUOUS,False,False,False
2022-12-14,BULL_VOLATILE,0.9999637611,dominant_gmm,0.6143823231,AMBIGUOUS,False,False,False
2022-12-15,BULL_VOLATILE,0.9976738071,dominant_gmm,0.6114073812,AMBIGUOUS,False,False,False
2022-12-16,BEAR,0.5,hard_bear,0.622504665,AMBIGUOUS,True,False,True
2022-12-19,BEAR,0.5,hard_bear,0.5991910385,AMBIGUOUS,True,False,True
2022-12-20,BEAR,0.5,hard_bear,0.599177275,AMBIGUOUS,True,False,True
2022-12-21,BULL_VOLATILE,0.5,dominant_gmm,0.599992927,AMBIGUOUS,False,False,True
2022-12-22,BULL_VOLATILE,0.5,dominant_gmm,0.6030984848,AMBIGUOUS,False,False,True
2022-12-23,BULL_VOLATILE,0.5,dominant_gmm,0.6008298066,AMBIGUOUS,False,False,True
2022-12-27,BULL_VOLATILE,0.9845265762,dominant_gmm,0.6081665795,AMBIGUOUS,False,False,False
2022-12-28,BULL_VOLATILE,0.9846814661,dominant_gmm,0.607015761,AMBIGUOUS,False,False,False
2022-12-29,BULL_VOLATILE,0.9912835062,dominant_gmm,0.6102420647,AMBIGUOUS,False,False,False
2022-12-30,BULL_VOLATILE,0.9935483591,dominant_gmm,0.621644374,AMBIGUOUS,False,False,False
2023-01-03,BULL_VOLATILE,0.9914978652,dominant_gmm,0.6236914348,AMBIGUOUS,False,False,False
2023-01-04,BULL_VOLATILE,0.9950776997,dominant_gmm,0.6349056246,AMBIGUOUS,False,False,False
2023-01-05,BULL_VOLATILE,0.9936377075,dominant_gmm,0.6215670673,AMBIGUOUS,False,False,False
2023-01-06,BULL_VOLATILE,0.9969187327,dominant_gmm,0.6011409664,AMBIGUOUS,False,False,False
2023-01-09,BULL_VOLATILE,0.9946181679,dominant_gmm,0.604894834,AMBIGUOUS,False,False,False
2023-01-10,BULL_VOLATILE,0.9991389219,dominant_gmm,0.6047530798,AMBIGUOUS,False,False,False
2023-01-11,BULL_VOLATILE,0.9995039927,dominant_gmm,0.6001590983,AMBIGUOUS,False,False,False
2023-01-12,BULL_VOLATILE,0.9938631204,dominant_gmm,0.6045675508,AMBIGUOUS,False,False,False
2023-01-13,BULL_VOLATILE,0.9990277008,dominant_gmm,0.6022224683,AMBIGUOUS,False,False,False
2023-01-17,BULL_VOLATILE,0.9861739732,dominant_gmm,0.6397422137,AMBIGUOUS,False,False,False
2023-01-18,BULL_VOLATILE,0.9592421225,dominant_gmm,0.6138166403,AMBIGUOUS,False,False,False
2023-01-19,BULL_VOLATILE,0.9592505906,dominant_gmm,0.5919913486,AMBIGUOUS,False,False,False
2023-01-20,BULL_VOLATILE,0.9976440899,dominant_gmm,0.6066080863,AMBIGUOUS,False,False,False
2023-01-23,BULL_VOLATILE,0.993154922,dominant_gmm,0.6199597418,AMBIGUOUS,False,False,False
2023-01-24,BULL_VOLATILE,0.9716015443,dominant_gmm,0.6135376495,AMBIGUOUS,False,False,False
2023-01-25,BULL_VOLATILE,0.965812284,dominant_gmm,0.5995778913,AMBIGUOUS,False,False,False
2023-01-26,BULL_VOLATILE,0.9610944453,dominant_gmm,0.6229300123,AMBIGUOUS,False,False,False
2023-01-27,BULL_VOLATILE,0.8834631638,dominant_gmm,0.6140982523,AMBIGUOUS,False,False,False
2023-01-30,BULL_VOLATILE,0.9188925703,dominant_gmm,0.6146466343,AMBIGUOUS,False,False,False
2023-01-31,BULL_CALM,0.5,hurst_momentum_bull,0.6596548171,MOMENTUM,False,False,True
2023-02-01,BULL_CALM,0.5,hurst_momentum_bull,0.66378694,MOMENTUM,False,False,True
2023-02-02,BULL_CALM,0.5,hurst_momentum_bull,0.6583537612,MOMENTUM,False,False,True
2023-02-03,BULL_CALM,0.6501759327,dominant_gmm,0.629244569,AMBIGUOUS,False,False,False
2023-02-06,BULL_CALM,0.7897263041,dominant_gmm,0.6368586415,AMBIGUOUS,False,False,False
2023-02-07,BULL_VOLATILE,0.5,dominant_gmm,0.6356374821,AMBIGUOUS,False,False,True
2023-02-08,BULL_VOLATILE,0.5,dominant_gmm,0.6377934211,AMBIGUOUS,False,False,True
2023-02-09,BULL_CALM,0.5,hurst_momentum_bull,0.6506639978,MOMENTUM,False,False,True
2023-02-10,BULL_VOLATILE,0.5,dominant_gmm,0.6399716813,AMBIGUOUS,False,False,True
2023-02-13,BULL_VOLATILE,0.5,dominant_gmm,0.6228593818,AMBIGUOUS,False,False,True
2023-02-14,BULL_VOLATILE,0.5,dominant_gmm,0.6131874649,AMBIGUOUS,False,False,True
2023-02-15,BULL_VOLATILE,0.8669706146,dominant_gmm,0.5965136188,AMBIGUOUS,False,False,False
2023-02-16,BULL_VOLATILE,0.9994166899,dominant_gmm,0.5896069622,AMBIGUOUS,False,False,False
2023-02-17,BULL_VOLATILE,0.9838318258,dominant_gmm,0.5994827305,AMBIGUOUS,False,False,False
2023-02-21,BULL_VOLATILE,0.9951526561,dominant_gmm,0.6010284204,AMBIGUOUS,False,False,False
2023-02-22,BULL_VOLATILE,0.9961088138,dominant_gmm,0.5980540062,AMBIGUOUS,False,False,False
2023-02-23,BULL_VOLATILE,0.9988368018,dominant_gmm,0.5995129239,AMBIGUOUS,False,False,False
2023-02-24,BULL_VOLATILE,0.9964919122,dominant_gmm,0.5841530869,AMBIGUOUS,False,False,False
2023-02-27,BULL_VOLATILE,0.99552109,dominant_gmm,0.5779759259,AMBIGUOUS,False,False,False
2023-02-28,BULL_VOLATILE,0.9969558607,dominant_gmm,0.6041551026,AMBIGUOUS,False,False,False
2023-03-01,BULL_VOLATILE,0.9963399112,dominant_gmm,0.6447736963,AMBIGUOUS,False,False,False
2023-03-02,BULL_CALM,0.5,hurst_momentum_bull,0.6679464514,MOMENTUM,False,False,True
2023-03-03,BULL_CALM,0.5,hurst_momentum_bull,0.6556258966,MOMENTUM,False,False,True
2023-03-06,BULL_CALM,0.5,hurst_momentum_bull,0.6658272765,MOMENTUM,False,False,True
2023-03-07,BULL_CALM,0.5424302851,hurst_momentum_bull,0.6797011996,MOMENTUM,False,False,False
2023-03-08,BULL_CALM,0.5899697394,hurst_momentum_bull,0.7129788176,MOMENTUM,False,False,False
2023-03-09,BEAR,0.5,hurst_momentum_spy_bearish,0.7454792939,MOMENTUM,False,False,True
2023-03-10,BEAR,0.5,hard_bear,0.7436690304,MOMENTUM,True,False,True
2023-03-13,BEAR,0.5,hard_bear,0.7340086493,MOMENTUM,True,False,True
2023-03-14,BEAR,0.6278757354,hurst_momentum_spy_bearish,0.7395130148,MOMENTUM,False,False,False
2023-03-15,BEAR,0.6144823087,hurst_momentum_spy_bearish,0.7301376161,MOMENTUM,False,False,False
2023-03-16,BULL_CALM,0.5,hurst_momentum_bull,0.7249745554,MOMENTUM,False,False,True
2023-03-17,BEAR,0.5,hurst_momentum_spy_bearish,0.6995414191,MOMENTUM,False,False,True
2023-03-20,BULL_CALM,0.5,hurst_momentum_bull,0.6561561132,MOMENTUM,False,False,True
2023-03-21,BULL_VOLATILE,0.5,dominant_gmm,0.6215257566,AMBIGUOUS,False,False,True
2023-03-22,BEAR,0.5,hard_bear,0.5953352754,AMBIGUOUS,True,True,True
2023-03-23,BULL_VOLATILE,0.5,dominant_gmm,0.603530073,AMBIGUOUS,False,False,True
2023-03-24,BULL_VOLATILE,0.9944755287,dominant_gmm,0.6088867435,AMBIGUOUS,False,False,False
2023-03-27,BULL_VOLATILE,0.9944819559,dominant_gmm,0.586679757,AMBIGUOUS,False,False,False
2023-03-28,BULL_VOLATILE,0.9933190973,dominant_gmm,0.5928532386,AMBIGUOUS,False,False,False
2023-03-29,BULL_VOLATILE,0.9963016323,dominant_gmm,0.5999951467,AMBIGUOUS,False,False,False
2023-03-30,BULL_VOLATILE,0.9966837106,dominant_gmm,0.582844535,AMBIGUOUS,False,False,False
2023-03-31,BULL_VOLATILE,0.9986014693,dominant_gmm,0.6111585976,AMBIGUOUS,False,False,False
2023-04-03,BULL_VOLATILE,0.9963188116,dominant_gmm,0.6011380095,AMBIGUOUS,False,False,False
2023-04-04,BULL_VOLATILE,0.9928270787,dominant_gmm,0.5963556518,AMBIGUOUS,False,False,False
2023-04-05,BULL_VOLATILE,0.9945263413,dominant_gmm,0.6157572653,AMBIGUOUS,False,False,False
2023-04-06,BULL_VOLATILE,0.9878935365,dominant_gmm,0.6093428279,AMBIGUOUS,False,False,False
2023-04-10,BULL_VOLATILE,0.9021667507,dominant_gmm,0.6371520701,AMBIGUOUS,False,False,False
2023-04-11,BULL_VOLATILE,0.8960104028,dominant_gmm,0.644347854,AMBIGUOUS,False,False,False
2023-04-12,BULL_CALM,0.5,hurst_momentum_bull,0.6584196436,MOMENTUM,False,False,True
2023-04-13,BULL_CALM,0.5,hurst_momentum_bull,0.691344417,MOMENTUM,False,False,True
2023-04-14,BULL_CALM,0.5,hurst_momentum_bull,0.7026136084,MOMENTUM,False,False,True
2023-04-17,BULL_CALM,0.587498832,hurst_momentum_bull,0.7112491824,MOMENTUM,False,False,False
2023-04-18,BULL_CALM,0.6021116789,hurst_momentum_bull,0.7214781752,MOMENTUM,False,False,False
2023-04-19,BULL_CALM,0.5960758901,hurst_momentum_bull,0.7172531231,MOMENTUM,False,False,False
2023-04-20,BULL_CALM,0.5963516313,hurst_momentum_bull,0.7174461419,MOMENTUM,False,False,False
2023-04-21,BULL_CALM,0.5799773867,hurst_momentum_bull,0.7059841707,MOMENTUM,False,False,False
2023-04-24,BULL_CALM,0.5505276246,hurst_momentum_bull,0.6853693372,MOMENTUM,False,False,False
2023-04-25,BULL_CALM,0.5604921251,hurst_momentum_bull,0.6923444875,MOMENTUM,False,False,False
2023-04-26,BULL_CALM,0.5382143775,hurst_momentum_bull,0.6767500643,MOMENTUM,False,False,False
2023-04-27,BULL_CALM,0.507483938,hurst_momentum_bull,0.6552387566,MOMENTUM,False,False,False
2023-04-28,BULL_CALM,0.5005760585,hurst_momentum_bull,0.6504032409,MOMENTUM,False,False,False
2023-05-01,BULL_CALM,0.5152669402,hurst_momentum_bull,0.6606868582,MOMENTUM,False,False,False
2023-05-02,BULL_VOLATILE,0.5,dominant_gmm,0.6134466986,AMBIGUOUS,False,False,True
2023-05-03,BULL_VOLATILE,0.5,dominant_gmm,0.5937109226,AMBIGUOUS,False,False,True
2023-05-04,BULL_VOLATILE,0.5,dominant_gmm,0.5912751517,AMBIGUOUS,False,False,True
2023-05-05,BULL_VOLATILE,0.7021795913,dominant_gmm,0.6015891738,AMBIGUOUS,False,False,False
2023-05-08,BULL_VOLATILE,0.7608362216,dominant_gmm,0.604496469,AMBIGUOUS,False,False,False
2023-05-09,BULL_VOLATILE,0.6628280932,dominant_gmm,0.5909582739,AMBIGUOUS,False,False,False
2023-05-10,BULL_VOLATILE,0.681153626,dominant_gmm,0.6092067686,AMBIGUOUS,False,False,False
2023-05-11,BULL_CALM,0.5,dominant_gmm,0.6258115569,AMBIGUOUS,False,False,True
2023-05-12,BULL_VOLATILE,0.5,dominant_gmm,0.6256059952,AMBIGUOUS,False,False,True
2023-05-15,BULL_VOLATILE,0.5,dominant_gmm,0.6255892814,AMBIGUOUS,False,False,True
2023-05-16,BULL_VOLATILE,0.7154768867,dominant_gmm,0.6319506919,AMBIGUOUS,False,False,False
2023-05-17,BULL_VOLATILE,0.5970307075,dominant_gmm,0.6351397598,AMBIGUOUS,False,False,False
2023-05-18,BULL_VOLATILE,0.9055578076,dominant_gmm,0.6213757136,AMBIGUOUS,False,False,False
2023-05-19,BULL_VOLATILE,0.7444035317,dominant_gmm,0.6175454578,AMBIGUOUS,False,False,False
2023-05-22,BULL_VOLATILE,0.7397587657,dominant_gmm,0.631622828,AMBIGUOUS,False,False,False
2023-05-23,BULL_VOLATILE,0.6331368602,dominant_gmm,0.6284177725,AMBIGUOUS,False,False,False
2023-05-24,BULL_VOLATILE,0.8540559977,dominant_gmm,0.6212002275,AMBIGUOUS,False,False,False
2023-05-25,BULL_CALM,0.5,dominant_gmm,0.6315052344,AMBIGUOUS,False,False,True
2023-05-26,BULL_CALM,0.5,dominant_gmm,0.6258851933,AMBIGUOUS,False,False,True
2023-05-30,BULL_CALM,0.5,dominant_gmm,0.6215383742,AMBIGUOUS,False,False,True
2023-05-31,BULL_CALM,0.6279392118,dominant_gmm,0.6310528689,AMBIGUOUS,False,False,False
2023-06-01,BULL_CALM,0.6826507521,dominant_gmm,0.6273790689,AMBIGUOUS,False,False,False
2023-06-02,BULL_CALM,0.6758723023,dominant_gmm,0.6389951229,AMBIGUOUS,False,False,False
2023-06-05,BULL_CALM,0.9205192584,dominant_gmm,0.6315600444,AMBIGUOUS,False,False,False
2023-06-06,BULL_CALM,0.8652090153,dominant_gmm,0.5729577945,AMBIGUOUS,False,False,False
2023-06-07,BULL_CALM,0.9033786908,dominant_gmm,0.5762102705,AMBIGUOUS,False,False,False
2023-06-08,BULL_CALM,0.9284620056,dominant_gmm,0.5224540062,AMBIGUOUS,False,False,False
2023-06-09,CHOPPY,0.5,hurst_reversion,0.4959154985,REVERSION,False,False,True
2023-06-12,CHOPPY,0.5,hurst_reversion,0.5066541246,REVERSION,False,False,True
2023-06-13,BULL_CALM,0.5,dominant_gmm,0.5555544013,AMBIGUOUS,False,False,True
2023-06-14,BULL_CALM,0.8553935025,dominant_gmm,0.5563918552,AMBIGUOUS,False,False,False
2023-06-15,BULL_CALM,0.9904536056,dominant_gmm,0.6084772389,AMBIGUOUS,False,False,False
2023-06-16,BULL_CALM,0.999740264,dominant_gmm,0.612369483,AMBIGUOUS,False,False,False
2023-06-20,BULL_CALM,0.9994675879,dominant_gmm,0.6234463494,AMBIGUOUS,False,False,False
2023-06-21,BULL_CALM,0.5058647542,hurst_momentum_bull,0.6541053279,MOMENTUM,False,False,False
2023-06-22,BULL_CALM,0.5469890524,hurst_momentum_bull,0.6828923366,MOMENTUM,False,False,False
2023-06-23,BULL_CALM,0.5612966407,hurst_momentum_bull,0.6929076485,MOMENTUM,False,False,False
2023-06-26,BULL_CALM,0.5381317659,hurst_momentum_bull,0.6766922361,MOMENTUM,False,False,False
2023-06-27,BULL_CALM,0.5387801109,hurst_momentum_bull,0.6771460776,MOMENTUM,False,False,False
2023-06-28,BULL_CALM,0.5709762564,hurst_momentum_bull,0.6996833795,MOMENTUM,False,False,False
2023-06-29,BULL_CALM,0.9803545697,dominant_gmm,0.6456594459,AMBIGUOUS,False,False,False
2023-06-30,BULL_CALM,0.9906129107,dominant_gmm,0.6243714236,AMBIGUOUS,False,False,False
2023-07-03,BULL_CALM,0.9998939562,dominant_gmm,0.625776029,AMBIGUOUS,False,False,False
2023-07-05,BULL_CALM,0.9999986569,dominant_gmm,0.6273205252,AMBIGUOUS,False,False,False
2023-07-06,BULL_CALM,0.9999749254,dominant_gmm,0.6279985849,AMBIGUOUS,False,False,False
2023-07-07,BULL_CALM,0.9996665607,dominant_gmm,0.6373990794,AMBIGUOUS,False,False,False
2023-07-10,BULL_CALM,0.9998336116,dominant_gmm,0.6478870637,AMBIGUOUS,False,False,False
2023-07-11,BULL_CALM,0.9988392785,dominant_gmm,0.6420805037,AMBIGUOUS,False,False,False
2023-07-12,BULL_CALM,0.9951490701,dominant_gmm,0.6448368055,AMBIGUOUS,False,False,False
2023-07-13,BULL_CALM,0.503714587,hurst_momentum_bull,0.6526002109,MOMENTUM,False,False,False
2023-07-14,BULL_CALM,0.5229306613,hurst_momentum_bull,0.6660514629,MOMENTUM,False,False,False
2023-07-17,BULL_CALM,0.5112035173,hurst_momentum_bull,0.6578424621,MOMENTUM,False,False,False
2023-07-18,BULL_CALM,0.535084414,hurst_momentum_bull,0.6745590898,MOMENTUM,False,False,False
2023-07-19,BULL_CALM,0.5217258738,hurst_momentum_bull,0.6652081117,MOMENTUM,False,False,False
2023-07-20,BULL_CALM,0.54154964,hurst_momentum_bull,0.679084748,MOMENTUM,False,False,False
2023-07-21,BULL_CALM,0.5157421207,hurst_momentum_bull,0.6610194845,MOMENTUM,False,False,False
2023-07-24,BULL_CALM,0.511601914,hurst_momentum_bull,0.6581213398,MOMENTUM,False,False,False
2023-07-25,BULL_CALM,0.9939046228,dominant_gmm,0.6482763685,AMBIGUOUS,False,False,False
2023-07-26,BULL_CALM,0.5697675591,hurst_momentum_bull,0.6988372914,MOMENTUM,False,False,False
2023-07-27,BULL_CALM,0.604360235,hurst_momentum_bull,0.7230521645,MOMENTUM,False,False,False
2023-07-28,BULL_CALM,0.5600459129,hurst_momentum_bull,0.692032139,MOMENTUM,False,False,False
2023-07-31,BULL_CALM,0.5502944139,hurst_momentum_bull,0.6852060897,MOMENTUM,False,False,False
2023-08-01,BULL_CALM,0.5590469519,hurst_momentum_bull,0.6913328663,MOMENTUM,False,False,False
2023-08-02,BULL_CALM,0.5275355858,hurst_momentum_bull,0.66927491,MOMENTUM,False,False,False
2023-08-03,BULL_CALM,0.5700116485,hurst_momentum_bull,0.699008154,MOMENTUM,False,False,False
2023-08-04,BULL_CALM,0.6054881346,hurst_momentum_bull,0.7238416942,MOMENTUM,False,False,False
2023-08-07,BULL_CALM,0.6213907756,hurst_momentum_bull,0.7349735429,MOMENTUM,False,False,False
2023-08-08,BULL_CALM,0.6082492369,hurst_momentum_bull,0.7257744658,MOMENTUM,False,False,False
2023-08-09,BULL_CALM,0.6095169629,hurst_momentum_bull,0.726661874,MOMENTUM,False,False,False
2023-08-10,BULL_CALM,0.6167505887,hurst_momentum_bull,0.7317254121,MOMENTUM,False,False,False
2023-08-11,BULL_CALM,0.6371884906,hurst_momentum_bull,0.7460319434,MOMENTUM,False,False,False
2023-08-14,BULL_CALM,0.6133496936,hurst_momentum_bull,0.7293447855,MOMENTUM,False,False,False
2023-08-15,BULL_CALM,0.6055730782,hurst_momentum_bull,0.7239011547,MOMENTUM,False,False,False
2023-08-16,BULL_CALM,0.5578130274,hurst_momentum_bull,0.6904691192,MOMENTUM,False,False,False
2023-08-17,BULL_CALM,0.6235172678,hurst_momentum_bull,0.7364620875,MOMENTUM,False,False,False
2023-08-18,BULL_CALM,0.672963293,hurst_momentum_bull,0.7710743051,MOMENTUM,False,False,False
2023-08-21,BULL_CALM,0.6648910434,hurst_momentum_bull,0.7654237304,MOMENTUM,False,False,False
2023-08-22,BULL_CALM,0.6568935837,hurst_momentum_bull,0.7598255086,MOMENTUM,False,False,False
2023-08-23,BULL_CALM,0.6334345842,hurst_momentum_bull,0.743404209,MOMENTUM,False,False,False
2023-08-24,BULL_CALM,0.6467272456,hurst_momentum_bull,0.7527090719,MOMENTUM,False,False,False
2023-08-25,BULL_CALM,0.6411582874,hurst_momentum_bull,0.7488108012,MOMENTUM,False,False,False
2023-08-28,BULL_CALM,0.6675268799,hurst_momentum_bull,0.7672688159,MOMENTUM,False,False,False
2023-08-29,CHOPPY,0.5,hurst_momentum_vol_cluster_choppy,0.7630956487,MOMENTUM,False,True,True
2023-08-30,CHOPPY,0.5,hurst_momentum_vol_cluster_choppy,0.7699676444,MOMENTUM,False,True,True
2023-08-31,BULL_CALM,0.5,hurst_momentum_bull,0.7618540777,MOMENTUM,False,False,True
2023-09-01,BULL_CALM,0.6497896832,hurst_momentum_bull,0.7548527782,MOMENTUM,False,False,False
2023-09-05,BULL_CALM,0.6565808423,hurst_momentum_bull,0.7596065896,MOMENTUM,False,False,False
2023-09-06,BULL_CALM,0.6627808043,hurst_momentum_bull,0.763946563,MOMENTUM,False,False,False
2023-09-07,BULL_CALM,0.6783138449,hurst_momentum_bull,0.7748196914,MOMENTUM,False,False,False
2023-09-08,BULL_CALM,0.6547551275,hurst_momentum_bull,0.7583285892,MOMENTUM,False,False,False
2023-09-11,BULL_CALM,0.6392916146,hurst_momentum_bull,0.7475041302,MOMENTUM,False,False,False
2023-09-12,BULL_CALM,0.6314163832,hurst_momentum_bull,0.7419914682,MOMENTUM,False,False,False
2023-09-13,BULL_CALM,0.60304557,hurst_momentum_bull,0.722131899,MOMENTUM,False,False,False
2023-09-14,BULL_CALM,0.6033603436,hurst_momentum_bull,0.7223522405,MOMENTUM,False,False,False
2023-09-15,BULL_CALM,0.6512923259,hurst_momentum_bull,0.7559046281,MOMENTUM,False,False,False
2023-09-18,BULL_CALM,0.6190522736,hurst_momentum_bull,0.7333365915,MOMENTUM,False,False,False
2023-09-19,BULL_CALM,0.5707335266,hurst_momentum_bull,0.6995134686,MOMENTUM,False,False,False
2023-09-20,BULL_CALM,0.5384271526,hurst_momentum_bull,0.6768990068,MOMENTUM,False,False,False
2023-09-21,BEAR,0.5,hard_bear,0.6854120784,MOMENTUM,True,False,True
2023-09-22,BULL_CALM,0.5,hurst_momentum_bull,0.6847493346,MOMENTUM,False,False,True
2023-09-25,BULL_CALM,0.5,hurst_momentum_bull,0.6942697823,MOMENTUM,False,False,True
2023-09-26,BULL_CALM,0.5671898851,hurst_momentum_bull,0.6970329196,MOMENTUM,False,False,False
2023-09-27,BULL_CALM,0.5570508588,hurst_momentum_bull,0.6899356012,MOMENTUM,False,False,False
2023-09-28,BULL_CALM,0.5775301613,hurst_momentum_bull,0.7042711129,MOMENTUM,False,False,False
2023-09-29,BULL_CALM,0.6712413542,hurst_momentum_bull,0.7698689479,MOMENTUM,False,False,False
2023-10-02,BULL_CALM,0.6842974026,hurst_momentum_bull,0.7790081818,MOMENTUM,False,False,False
2023-10-03,BULL_CALM,0.6779621968,hurst_momentum_bull,0.7745735378,MOMENTUM,False,False,False
2023-10-04,BULL_CALM,0.674080823,hurst_momentum_bull,0.7718565761,MOMENTUM,False,False,False
2023-10-05,BULL_CALM,0.6795147148,hurst_momentum_bull,0.7756603004,MOMENTUM,False,False,False
2023-10-06,BULL_CALM,0.6689014252,hurst_momentum_bull,0.7682309976,MOMENTUM,False,False,False
2023-10-09,BULL_CALM,0.6668850759,hurst_momentum_bull,0.7668195531,MOMENTUM,False,False,False
2023-10-10,BULL_CALM,0.6608280193,hurst_momentum_bull,0.7625796135,MOMENTUM,False,False,False
2023-10-11,BULL_CALM,0.6341288924,hurst_momentum_bull,0.7438902247,MOMENTUM,False,False,False
2023-10-12,BULL_CALM,0.6429650479,hurst_momentum_bull,0.7500755335,MOMENTUM,False,False,False
2023-10-13,BULL_CALM,0.6448752913,hurst_momentum_bull,0.7514127039,MOMENTUM,False,False,False
2023-10-16,BULL_CALM,0.6174472872,hurst_momentum_bull,0.732213101,MOMENTUM,False,False,False
2023-10-17,BULL_CALM,0.6219662504,hurst_momentum_bull,0.7353763753,MOMENTUM,False,False,False
2023-10-18,BULL_CALM,0.654315397,hurst_momentum_bull,0.7580207779,MOMENTUM,False,False,False
2023-10-19,BULL_CALM,0.6611369443,hurst_momentum_bull,0.762795861,MOMENTUM,False,False,False
2023-10-20,BEAR,0.5,hurst_momentum_spy_bearish,0.7536282512,MOMENTUM,False,False,True
2023-10-23,BEAR,0.5,hurst_momentum_spy_bearish,0.7499069864,MOMENTUM,False,False,True
2023-10-24,BULL_CALM,0.5,hurst_momentum_bull,0.7406711896,MOMENTUM,False,False,True
2023-10-25,BEAR,0.5,hurst_momentum_spy_bearish,0.7601635092,MOMENTUM,False,False,True
2023-10-26,BEAR,0.5,hurst_momentum_spy_bearish,0.761521899,MOMENTUM,False,False,True
2023-10-27,BEAR,0.5,hurst_momentum_spy_bearish,0.7660714955,MOMENTUM,False,False,True
2023-10-30,BEAR,0.6780593976,hurst_momentum_spy_bearish,0.7746415783,MOMENTUM,False,False,False
2023-10-31,BEAR,0.6650630654,hurst_momentum_spy_bearish,0.7655441458,MOMENTUM,False,False,False
2023-11-01,BEAR,0.6651784593,hurst_momentum_spy_bearish,0.7656249215,MOMENTUM,False,False,False
2023-11-02,BULL_CALM,0.5,hurst_momentum_bull,0.7542756581,MOMENTUM,False,False,True
2023-11-03,BULL_CALM,0.5,hurst_momentum_bull,0.7816832192,MOMENTUM,False,False,True
2023-11-06,BULL_CALM,0.5,hurst_momentum_bull,0.7705837382,MOMENTUM,False,False,True
2023-11-07,BULL_CALM,0.6814365044,hurst_momentum_bull,0.7770055531,MOMENTUM,False,False,False
2023-11-08,BULL_CALM,0.6945409478,hurst_momentum_bull,0.7861786635,MOMENTUM,False,False,False
2023-11-09,BULL_CALM,0.68080307,hurst_momentum_bull,0.776562149,MOMENTUM,False,False,False
2023-11-10,BULL_CALM,0.7350760427,hurst_momentum_bull,0.8145532299,MOMENTUM,False,False,False
2023-11-13,BULL_CALM,0.7254514102,hurst_momentum_bull,0.8078159871,MOMENTUM,False,False,False
2023-11-14,BULL_CALM,0.7048240967,hurst_momentum_bull,0.7933768677,MOMENTUM,False,False,False
2023-11-15,BULL_CALM,0.7142895718,hurst_momentum_bull,0.8000027003,MOMENTUM,False,False,False
2023-11-16,BULL_CALM,0.7277184341,hurst_momentum_bull,0.8094029039,MOMENTUM,False,False,False
2023-11-17,BULL_CALM,0.7453878899,hurst_momentum_bull,0.821771523,MOMENTUM,False,False,False
2023-11-20,BULL_CALM,0.7461674511,hurst_momentum_bull,0.8223172158,MOMENTUM,False,False,False
2023-11-21,BULL_CALM,0.7805315235,hurst_momentum_bull,0.8463720665,MOMENTUM,False,False,False
2023-11-22,BULL_CALM,0.7837252485,hurst_momentum_bull,0.8486076739,MOMENTUM,False,False,False
2023-11-24,BULL_CALM,0.7959662676,hurst_momentum_bull,0.8571763873,MOMENTUM,False,False,False
2023-11-27,BULL_CALM,0.7910161943,hurst_momentum_bull,0.853711336,MOMENTUM,False,False,False
2023-11-28,BULL_CALM,0.7962390451,hurst_momentum_bull,0.8573673315,MOMENTUM,False,False,False
2023-11-29,BULL_CALM,0.7825253274,hurst_momentum_bull,0.8477677292,MOMENTUM,False,False,False
2023-11-30,BULL_CALM,0.7822487883,hurst_momentum_bull,0.8475741518,MOMENTUM,False,False,False
2023-12-01,BULL_CALM,0.7667522759,hurst_momentum_bull,0.8367265931,MOMENTUM,False,False,False
2023-12-04,BULL_CALM,0.7958344839,hurst_momentum_bull,0.8570841387,MOMENTUM,False,False,False
2023-12-05,BULL_CALM,0.8189710549,hurst_momentum_bull,0.8732797384,MOMENTUM,False,False,False
2023-12-06,BULL_CALM,0.8116298431,hurst_momentum_bull,0.8681408902,MOMENTUM,False,False,False
2023-12-07,BULL_CALM,0.7955501037,hurst_momentum_bull,0.8568850726,MOMENTUM,False,False,False
2023-12-08,BULL_CALM,0.7754582658,hurst_momentum_bull,0.8428207861,MOMENTUM,False,False,False
2023-12-11,BULL_CALM,0.7788111182,hurst_momentum_bull,0.8451677827,MOMENTUM,False,False,False
2023-12-12,BULL_CALM,0.7654710574,hurst_momentum_bull,0.8358297402,MOMENTUM,False,False,False
2023-12-13,BULL_CALM,0.7955927304,hurst_momentum_bull,0.8569149113,MOMENTUM,False,False,False
2023-12-14,BULL_CALM,0.7588852907,hurst_momentum_bull,0.8312197035,MOMENTUM,False,False,False
2023-12-15,BULL_CALM,0.7659899764,hurst_momentum_bull,0.8361929835,MOMENTUM,False,False,False
2023-12-18,BULL_CALM,0.7582362625,hurst_momentum_bull,0.8307653838,MOMENTUM,False,False,False
2023-12-19,BULL_CALM,0.7239036496,hurst_momentum_bull,0.8067325547,MOMENTUM,False,False,False
2023-12-20,BULL_CALM,0.7028198951,hurst_momentum_bull,0.7919739266,MOMENTUM,False,False,False
2023-12-21,BULL_CALM,0.6823116461,hurst_momentum_bull,0.7776181523,MOMENTUM,False,False,False
2023-12-22,BULL_CALM,0.6741497121,hurst_momentum_bull,0.7719047984,MOMENTUM,False,False,False
2023-12-26,BULL_CALM,0.6957211173,hurst_momentum_bull,0.7870047821,MOMENTUM,False,False,False
2023-12-27,BULL_CALM,0.6776567951,hurst_momentum_bull,0.7743597566,MOMENTUM,False,False,False
2023-12-28,BULL_CALM,0.6788289995,hurst_momentum_bull,0.7751802996,MOMENTUM,False,False,False
2023-12-29,BULL_CALM,0.6792243252,hurst_momentum_bull,0.7754570277,MOMENTUM,False,False,False
2024-01-02,BULL_CALM,0.6831422474,hurst_momentum_bull,0.7781995732,MOMENTUM,False,False,False
2024-01-03,BULL_CALM,0.7444662371,hurst_momentum_bull,0.821126366,MOMENTUM,False,False,False
2024-01-04,BULL_CALM,0.7340730823,hurst_momentum_bull,0.8138511576,MOMENTUM,False,False,False
2024-01-05,BULL_CALM,0.748584328,hurst_momentum_bull,0.8240090296,MOMENTUM,False,False,False
2024-01-08,BULL_CALM,0.7381747927,hurst_momentum_bull,0.8167223549,MOMENTUM,False,False,False
2024-01-09,BULL_CALM,0.7362167778,hurst_momentum_bull,0.8153517444,MOMENTUM,False,False,False
2024-01-10,BULL_CALM,0.7390642569,hurst_momentum_bull,0.8173449798,MOMENTUM,False,False,False
2024-01-11,BULL_CALM,0.7316641109,hurst_momentum_bull,0.8121648776,MOMENTUM,False,False,False
2024-01-12,BULL_CALM,0.7351557642,hurst_momentum_bull,0.8146090349,MOMENTUM,False,False,False
2024-01-16,BULL_CALM,0.7519731188,hurst_momentum_bull,0.8263811832,MOMENTUM,False,False,False
2024-01-17,BULL_CALM,0.7462003177,hurst_momentum_bull,0.8223402224,MOMENTUM,False,False,False
2024-01-18,BULL_CALM,0.7472698643,hurst_momentum_bull,0.823088905,MOMENTUM,False,False,False
2024-01-19,BULL_CALM,0.7159485899,hurst_momentum_bull,0.8011640129,MOMENTUM,False,False,False
2024-01-22,BULL_CALM,0.676333121,hurst_momentum_bull,0.7734331847,MOMENTUM,False,False,False
2024-01-23,BULL_CALM,0.6463628266,hurst_momentum_bull,0.7524539786,MOMENTUM,False,False,False
2024-01-24,BULL_CALM,0.6156532418,hurst_momentum_bull,0.7309572693,MOMENTUM,False,False,False
2024-01-25,BULL_CALM,0.659330791,hurst_momentum_bull,0.7615315537,MOMENTUM,False,False,False
2024-01-26,BULL_CALM,0.6332138258,hurst_momentum_bull,0.7432496781,MOMENTUM,False,False,False
2024-01-29,BULL_CALM,0.6243568926,hurst_momentum_bull,0.7370498248,MOMENTUM,False,False,False
2024-01-30,BULL_CALM,0.6183686875,hurst_momentum_bull,0.7328580813,MOMENTUM,False,False,False
2024-01-31,BULL_CALM,0.5997883888,hurst_momentum_bull,0.7198518722,MOMENTUM,False,False,False
2024-02-01,BULL_CALM,0.5973205071,hurst_momentum_bull,0.718124355,MOMENTUM,False,False,False
2024-02-02,BULL_CALM,0.5627810146,hurst_momentum_bull,0.6939467102,MOMENTUM,False,False,False
2024-02-05,BULL_CALM,0.5491092362,hurst_momentum_bull,0.6843764653,MOMENTUM,False,False,False
2024-02-06,BULL_CALM,0.5444867053,hurst_momentum_bull,0.6811406937,MOMENTUM,False,False,False
2024-02-07,BULL_CALM,0.5291064628,hurst_momentum_bull,0.670374524,MOMENTUM,False,False,False
2024-02-08,BULL_CALM,0.5192775026,hurst_momentum_bull,0.6634942518,MOMENTUM,False,False,False
2024-02-09,BULL_CALM,0.5178676873,hurst_momentum_bull,0.6625073811,MOMENTUM,False,False,False
2024-02-12,BULL_CALM,0.5512862614,hurst_momentum_bull,0.685900383,MOMENTUM,False,False,False
2024-02-13,BULL_CALM,0.9913311873,dominant_gmm,0.6442272889,AMBIGUOUS,False,False,False
2024-02-14,BULL_CALM,0.5118205726,hurst_momentum_bull,0.6582744008,MOMENTUM,False,False,False
2024-02-15,BULL_CALM,0.5213660395,hurst_momentum_bull,0.6649562276,MOMENTUM,False,False,False
2024-02-16,BULL_CALM,0.5083519706,hurst_momentum_bull,0.6558463794,MOMENTUM,False,False,False
2024-02-20,BULL_CALM,0.5071170132,hurst_momentum_bull,0.6549819092,MOMENTUM,False,False,False
2024-02-21,BULL_CALM,0.8064397119,dominant_gmm,0.6439837358,AMBIGUOUS,False,False,False
2024-02-22,BULL_CALM,0.5037935606,hurst_momentum_bull,0.6526554925,MOMENTUM,False,False,False
2024-02-23,BULL_CALM,0.8127555343,dominant_gmm,0.6339656936,AMBIGUOUS,False,False,False
2024-02-26,BULL_CALM,0.8109646146,dominant_gmm,0.6413537861,AMBIGUOUS,False,False,False
2024-02-27,BULL_CALM,0.7765975709,dominant_gmm,0.6269088913,AMBIGUOUS,False,False,False
2024-02-28,BULL_CALM,0.8633120888,dominant_gmm,0.624756699,AMBIGUOUS,False,False,False
2024-02-29,BULL_CALM,0.926499516,dominant_gmm,0.6083974157,AMBIGUOUS,False,False,False
2024-03-01,BULL_CALM,0.9785357445,dominant_gmm,0.6103523305,AMBIGUOUS,False,False,False
2024-03-04,BULL_CALM,0.9808291217,dominant_gmm,0.61263506,AMBIGUOUS,False,False,False
2024-03-05,BULL_CALM,0.6994674052,dominant_gmm,0.6085012979,AMBIGUOUS,False,False,False
2024-03-06,BULL_CALM,0.6625565791,dominant_gmm,0.6048914784,AMBIGUOUS,False,False,False
2024-03-07,BULL_CALM,0.7503869599,dominant_gmm,0.6141588063,AMBIGUOUS,False,False,False
2024-03-08,BULL_CALM,0.7194425063,dominant_gmm,0.6348542196,AMBIGUOUS,False,False,False
2024-03-11,BULL_CALM,0.747318727,dominant_gmm,0.6137287256,AMBIGUOUS,False,False,False
2024-03-12,BULL_CALM,0.6928866185,dominant_gmm,0.5885021354,AMBIGUOUS,False,False,False
2024-03-13,BULL_CALM,0.9185410525,dominant_gmm,0.58077404,AMBIGUOUS,False,False,False
2024-03-14,BULL_CALM,0.9327781818,dominant_gmm,0.5707866724,AMBIGUOUS,False,False,False
2024-03-15,BULL_CALM,0.5477295065,dominant_gmm,0.5365477804,AMBIGUOUS,False,False,False
2024-03-18,BULL_CALM,0.7500802017,dominant_gmm,0.5366016426,AMBIGUOUS,False,False,False
2024-03-19,BULL_CALM,0.8237859142,dominant_gmm,0.5669985943,AMBIGUOUS,False,False,False
2024-03-20,BULL_CALM,0.7813620771,dominant_gmm,0.5592615105,AMBIGUOUS,False,False,False
2024-03-21,BULL_CALM,0.9346564426,dominant_gmm,0.5423148028,AMBIGUOUS,False,False,False
2024-03-22,BULL_CALM,0.9953820945,dominant_gmm,0.5852113363,AMBIGUOUS,False,False,False
2024-03-25,BULL_CALM,0.917066462,dominant_gmm,0.5578436004,AMBIGUOUS,False,False,False
2024-03-26,BULL_CALM,0.8866076821,dominant_gmm,0.557650671,AMBIGUOUS,False,False,False
2024-03-27,BULL_CALM,0.9278277636,dominant_gmm,0.5447145215,AMBIGUOUS,False,False,False
2024-03-28,BULL_CALM,0.9795022416,dominant_gmm,0.542454995,AMBIGUOUS,False,False,False
2024-04-01,BULL_CALM,0.9596301899,dominant_gmm,0.5311631013,AMBIGUOUS,False,False,False
2024-04-02,CHOPPY,0.5,hurst_reversion,0.5145361608,REVERSION,False,False,True
2024-04-03,CHOPPY,0.5,hurst_reversion,0.488376298,REVERSION,False,False,True
2024-04-04,CHOPPY,0.5,hurst_reversion,0.4750421619,REVERSION,False,False,True
2024-04-05,CHOPPY,0.1299696141,hurst_reversion,0.4784097235,REVERSION,False,False,False
2024-04-08,CHOPPY,0.09201265342,hurst_reversion,0.4905559509,REVERSION,False,False,False
2024-04-09,BULL_CALM,0.5,dominant_gmm,0.5246286866,AMBIGUOUS,False,False,True
2024-04-10,CHOPPY,0.5,hurst_reversion,0.5026563116,REVERSION,False,False,True
2024-04-11,CHOPPY,0.5,hurst_reversion,0.5138924316,REVERSION,False,False,True
2024-04-12,CHOPPY,0.00951295578,hurst_reversion,0.5169558542,REVERSION,False,False,False
2024-04-15,CHOPPY,0.0501858162,hurst_reversion,0.5039405388,REVERSION,False,False,False
2024-04-16,CHOPPY,0.04207876181,hurst_reversion,0.5065347962,REVERSION,False,False,False
2024-04-17,BULL_VOLATILE,0.5,dominant_gmm,0.5228812678,AMBIGUOUS,False,False,True
2024-04-18,BULL_VOLATILE,0.5,dominant_gmm,0.5236790054,AMBIGUOUS,False,False,True
2024-04-19,BULL_VOLATILE,0.5,dominant_gmm,0.5309503393,AMBIGUOUS,False,False,True
2024-04-22,BULL_VOLATILE,0.9933114839,dominant_gmm,0.528162754,AMBIGUOUS,False,False,False
2024-04-23,BULL_VOLATILE,0.9739384232,dominant_gmm,0.534223819,AMBIGUOUS,False,False,False
2024-04-24,BULL_VOLATILE,0.8648976786,dominant_gmm,0.5303232769,AMBIGUOUS,False,False,False
2024-04-25,BULL_VOLATILE,0.9811999984,dominant_gmm,0.546929978,AMBIGUOUS,False,False,False
2024-04-26,BULL_CALM,0.5,dominant_gmm,0.5302281659,AMBIGUOUS,False,False,True
2024-04-29,BULL_CALM,0.5,dominant_gmm,0.5654598835,AMBIGUOUS,False,False,True
2024-04-30,BULL_CALM,0.5,dominant_gmm,0.5662500617,AMBIGUOUS,False,False,True
2024-05-01,BULL_CALM,0.6536938896,dominant_gmm,0.5943640938,AMBIGUOUS,False,False,False
2024-05-02,BULL_CALM,0.9044201647,dominant_gmm,0.5784702133,AMBIGUOUS,False,False,False
2024-05-03,BULL_CALM,0.9657924356,dominant_gmm,0.5798030424,AMBIGUOUS,False,False,False
2024-05-06,CHOPPY,0.5,vol_cluster_choppy,0.574980261,AMBIGUOUS,False,True,True
2024-05-07,BULL_CALM,0.5,dominant_gmm,0.5840996011,AMBIGUOUS,False,False,True
2024-05-08,BULL_CALM,0.5,dominant_gmm,0.6051728195,AMBIGUOUS,False,False,True
2024-05-09,BULL_CALM,0.8792527115,dominant_gmm,0.6022786234,AMBIGUOUS,False,False,False
2024-05-10,BULL_CALM,0.8939903865,dominant_gmm,0.6186912446,AMBIGUOUS,False,False,False
2024-05-13,BULL_CALM,0.7940193319,dominant_gmm,0.6023622864,AMBIGUOUS,False,False,False
2024-05-14,BULL_VOLATILE,0.5,dominant_gmm,0.6217170987,AMBIGUOUS,False,False,True
2024-05-15,BULL_VOLATILE,0.5,dominant_gmm,0.61371134,AMBIGUOUS,False,False,True
2024-05-16,BULL_VOLATILE,0.5,dominant_gmm,0.6138803611,AMBIGUOUS,False,False,True
2024-05-17,BULL_CALM,0.5,dominant_gmm,0.6140712772,AMBIGUOUS,False,False,True
2024-05-20,BULL_CALM,0.5,dominant_gmm,0.6331453115,AMBIGUOUS,False,False,True
2024-05-21,BULL_CALM,0.5,dominant_gmm,0.6391899418,AMBIGUOUS,False,False,True
2024-05-22,BULL_CALM,0.9523031365,dominant_gmm,0.6436508929,AMBIGUOUS,False,False,False
2024-05-23,BULL_CALM,0.8505129644,dominant_gmm,0.6445049789,AMBIGUOUS,False,False,False
2024-05-24,BULL_CALM,0.5059713746,hurst_momentum_bull,0.6541799622,MOMENTUM,False,False,False
2024-05-28,BULL_CALM,0.5053501421,hurst_momentum_bull,0.6537450995,MOMENTUM,False,False,False
2024-05-29,BULL_CALM,0.5297005845,hurst_momentum_bull,0.6707904091,MOMENTUM,False,False,False
2024-05-30,BULL_CALM,0.5298334389,hurst_momentum_bull,0.6708834072,MOMENTUM,False,False,False
2024-05-31,BULL_CALM,0.56146256,hurst_momentum_bull,0.693023792,MOMENTUM,False,False,False
2024-06-03,BULL_CALM,0.5661242386,hurst_momentum_bull,0.696286967,MOMENTUM,False,False,False
2024-06-04,BULL_CALM,0.5608441173,hurst_momentum_bull,0.6925908821,MOMENTUM,False,False,False
2024-06-05,BULL_CALM,0.5483305798,hurst_momentum_bull,0.6838314059,MOMENTUM,False,False,False
2024-06-06,BULL_CALM,0.5861768501,hurst_momentum_bull,0.7103237951,MOMENTUM,False,False,False
2024-06-07,BULL_CALM,0.5728629757,hurst_momentum_bull,0.701004083,MOMENTUM,False,False,False
2024-06-10,BULL_CALM,0.574280702,hurst_momentum_bull,0.7019964914,MOMENTUM,False,False,False
2024-06-11,BULL_CALM,0.6198527684,hurst_momentum_bull,0.7338969378,MOMENTUM,False,False,False
2024-06-12,BULL_CALM,0.6150320543,hurst_momentum_bull,0.730522438,MOMENTUM,False,False,False
2024-06-13,BULL_CALM,0.6308830131,hurst_momentum_bull,0.7416181091,MOMENTUM,False,False,False
2024-06-14,BULL_CALM,0.6497453075,hurst_momentum_bull,0.7548217153,MOMENTUM,False,False,False
2024-06-17,BULL_CALM,0.6405212182,hurst_momentum_bull,0.7483648527,MOMENTUM,False,False,False
2024-06-18,BULL_CALM,0.6275335788,hurst_momentum_bull,0.7392735051,MOMENTUM,False,False,False
2024-06-20,BULL_CALM,0.6376662715,hurst_momentum_bull,0.74636639,MOMENTUM,False,False,False
2024-06-21,BULL_CALM,0.6391670675,hurst_momentum_bull,0.7474169473,MOMENTUM,False,False,False
2024-06-24,BULL_CALM,0.6555957026,hurst_momentum_bull,0.7589169918,MOMENTUM,False,False,False
2024-06-25,BULL_CALM,0.6739125875,hurst_momentum_bull,0.7717388112,MOMENTUM,False,False,False
2024-06-26,BULL_CALM,0.6745322062,hurst_momentum_bull,0.7721725444,MOMENTUM,False,False,False
2024-06-27,BULL_CALM,0.6594086027,hurst_momentum_bull,0.7615860219,MOMENTUM,False,False,False
2024-06-28,BULL_CALM,0.6746704509,hurst_momentum_bull,0.7722693156,MOMENTUM,False,False,False
2024-07-01,BULL_CALM,0.6687496791,hurst_momentum_bull,0.7681247754,MOMENTUM,False,False,False
2024-07-02,BULL_CALM,0.6855631656,hurst_momentum_bull,0.7798942159,MOMENTUM,False,False,False
2024-07-03,BULL_CALM,0.6656859227,hurst_momentum_bull,0.7659801459,MOMENTUM,False,False,False
2024-07-05,BULL_CALM,0.7117456227,hurst_momentum_bull,0.7982219359,MOMENTUM,False,False,False
2024-07-08,BULL_CALM,0.7116211705,hurst_momentum_bull,0.7981348193,MOMENTUM,False,False,False
2024-07-09,BULL_CALM,0.7260291008,hurst_momentum_bull,0.8082203705,MOMENTUM,False,False,False
2024-07-10,BULL_CALM,0.7331189455,hurst_momentum_bull,0.8131832619,MOMENTUM,False,False,False
2024-07-11,BULL_CALM,0.7229106514,hurst_momentum_bull,0.8060374559,MOMENTUM,False,False,False
2024-07-12,BULL_CALM,0.7233409448,hurst_momentum_bull,0.8063386613,MOMENTUM,False,False,False
2024-07-15,BULL_CALM,0.6693545039,hurst_momentum_bull,0.7685481527,MOMENTUM,False,False,False
2024-07-16,BULL_CALM,0.6359835765,hurst_momentum_bull,0.7451885036,MOMENTUM,False,False,False
2024-07-17,CHOPPY,0.5,hurst_momentum_vol_cluster_choppy,0.7361399835,MOMENTUM,False,True,True
2024-07-18,BULL_CALM,0.5,hurst_momentum_bull,0.7276573465,MOMENTUM,False,False,True
2024-07-19,BULL_CALM,0.5,hurst_momentum_bull,0.7280546672,MOMENTUM,False,False,True
2024-07-22,CHOPPY,0.5,hurst_momentum_vol_cluster_choppy,0.7052735421,MOMENTUM,False,True,True
2024-07-23,BULL_CALM,0.5,hurst_momentum_bull,0.7310522259,MOMENTUM,False,False,True
2024-07-24,CHOPPY,0.5,hurst_momentum_vol_cluster_choppy,0.7698073325,MOMENTUM,False,True,True
2024-07-25,CHOPPY,0,hurst_momentum_vol_cluster_choppy,0.7687315517,MOMENTUM,False,True,False
2024-07-26,CHOPPY,0,hurst_momentum_vol_cluster_choppy,0.7441484498,MOMENTUM,False,True,False
2024-07-29,CHOPPY,0,hurst_momentum_vol_cluster_choppy,0.7814191394,MOMENTUM,False,True,False
2024-07-30,CHOPPY,0,hurst_momentum_vol_cluster_choppy,0.7747749009,MOMENTUM,False,True,False
2024-07-31,BULL_CALM,0.5,hurst_momentum_bull,0.788661657,MOMENTUM,False,False,True
2024-08-01,CHOPPY,0.5,hurst_momentum_vol_cluster_choppy,0.7891661001,MOMENTUM,False,True,True
2024-08-02,BULL_CALM,0.5,hurst_momentum_bull,0.7903623217,MOMENTUM,False,False,True
2024-08-05,BEAR,0.5,hard_bear,0.7827394044,MOMENTUM,True,False,True
2024-08-06,BEAR,0.5,hard_bear,0.7763650738,MOMENTUM,True,False,True
2024-08-07,BEAR,0.5,hard_bear,0.765615601,MOMENTUM,True,False,True
2024-08-08,BEAR,1,hard_bear,0.7712091628,MOMENTUM,True,False,False
2024-08-09,BEAR,1,hard_bear,0.7611815196,MOMENTUM,True,False,False
2024-08-12,BULL_CALM,0.5,hurst_momentum_bull,0.7661770886,MOMENTUM,False,False,True
2024-08-13,BULL_CALM,0.5,hurst_momentum_bull,0.7714945141,MOMENTUM,False,False,True
2024-08-14,BULL_CALM,0.5,hurst_momentum_bull,0.772175607,MOMENTUM,False,False,True
2024-08-15,BULL_CALM,0.7254683026,hurst_momentum_bull,0.8078278118,MOMENTUM,False,False,False
2024-08-16,BULL_CALM,0.7196820531,hurst_momentum_bull,0.8037774371,MOMENTUM,False,False,False
2024-08-19,BULL_CALM,0.7278980842,hurst_momentum_bull,0.8095286589,MOMENTUM,False,False,False
2024-08-20,BULL_CALM,0.7347125302,hurst_momentum_bull,0.8142987711,MOMENTUM,False,False,False
2024-08-21,BULL_CALM,0.7332967926,hurst_momentum_bull,0.8133077548,MOMENTUM,False,False,False
2024-08-22,BULL_CALM,0.7093159258,hurst_momentum_bull,0.796521148,MOMENTUM,False,False,False
2024-08-23,BULL_CALM,0.6652893646,hurst_momentum_bull,0.7657025552,MOMENTUM,False,False,False
2024-08-26,BULL_CALM,0.7064723059,hurst_momentum_bull,0.7945306141,MOMENTUM,False,False,False
2024-08-27,BULL_CALM,0.6904145734,hurst_momentum_bull,0.7832902014,MOMENTUM,False,False,False
2024-08-28,BULL_CALM,0.6555130427,hurst_momentum_bull,0.7588591299,MOMENTUM,False,False,False
2024-08-29,BULL_CALM,0.6870134755,hurst_momentum_bull,0.7809094329,MOMENTUM,False,False,False
2024-08-30,BULL_CALM,0.6884437708,hurst_momentum_bull,0.7819106395,MOMENTUM,False,False,False
2024-09-03,BULL_CALM,0.6734439819,hurst_momentum_bull,0.7714107874,MOMENTUM,False,False,False
2024-09-04,BULL_CALM,0.6595561894,hurst_momentum_bull,0.7616893326,MOMENTUM,False,False,False
2024-09-05,BULL_CALM,0.6618155455,hurst_momentum_bull,0.7632708818,MOMENTUM,False,False,False
2024-09-06,BULL_CALM,0.675690899,hurst_momentum_bull,0.7729836293,MOMENTUM,False,False,False
2024-09-09,BULL_CALM,0.6684454127,hurst_momentum_bull,0.7679117889,MOMENTUM,False,False,False
2024-09-10,BULL_CALM,0.674031753,hurst_momentum_bull,0.7718222271,MOMENTUM,False,False,False
2024-09-11,BULL_CALM,0.6693672858,hurst_momentum_bull,0.7685571,MOMENTUM,False,False,False
2024-09-12,BULL_CALM,0.6756492424,hurst_momentum_bull,0.7729544696,MOMENTUM,False,False,False
2024-09-13,BULL_CALM,0.6731759557,hurst_momentum_bull,0.771223169,MOMENTUM,False,False,False
2024-09-16,BULL_CALM,0.6750240169,hurst_momentum_bull,0.7725168118,MOMENTUM,False,False,False
2024-09-17,BULL_CALM,0.7042131829,hurst_momentum_bull,0.792949228,MOMENTUM,False,False,False
2024-09-18,BULL_CALM,0.7085667625,hurst_momentum_bull,0.7959967338,MOMENTUM,False,False,False
2024-09-19,BULL_CALM,0.6935412256,hurst_momentum_bull,0.7854788579,MOMENTUM,False,False,False
2024-09-20,BULL_CALM,0.7057613681,hurst_momentum_bull,0.7940329577,MOMENTUM,False,False,False
2024-09-23,BULL_CALM,0.7157635743,hurst_momentum_bull,0.801034502,MOMENTUM,False,False,False
2024-09-24,BULL_CALM,0.7202854775,hurst_momentum_bull,0.8041998343,MOMENTUM,False,False,False
2024-09-25,BULL_CALM,0.742648654,hurst_momentum_bull,0.8198540578,MOMENTUM,False,False,False
2024-09-26,BULL_CALM,0.7439661051,hurst_momentum_bull,0.8207762736,MOMENTUM,False,False,False
2024-09-27,BULL_CALM,0.7535566664,hurst_momentum_bull,0.8274896665,MOMENTUM,False,False,False
2024-09-30,BULL_CALM,0.7527954228,hurst_momentum_bull,0.826956796,MOMENTUM,False,False,False
2024-10-01,BULL_CALM,0.7429230906,hurst_momentum_bull,0.8200461634,MOMENTUM,False,False,False
2024-10-02,BULL_CALM,0.7456299411,hurst_momentum_bull,0.8219409588,MOMENTUM,False,False,False
2024-10-03,BULL_CALM,0.7369682312,hurst_momentum_bull,0.8158777619,MOMENTUM,False,False,False
2024-10-04,BULL_CALM,0.7413429185,hurst_momentum_bull,0.818940043,MOMENTUM,False,False,False
2024-10-07,BULL_CALM,0.7386309513,hurst_momentum_bull,0.8170416659,MOMENTUM,False,False,False
2024-10-08,BULL_CALM,0.7183927056,hurst_momentum_bull,0.8028748939,MOMENTUM,False,False,False
2024-10-09,BULL_CALM,0.7365533887,hurst_momentum_bull,0.8155873721,MOMENTUM,False,False,False
2024-10-10,BULL_CALM,0.7325048322,hurst_momentum_bull,0.8127533826,MOMENTUM,False,False,False
2024-10-11,BULL_CALM,0.7355782447,hurst_momentum_bull,0.8149047713,MOMENTUM,False,False,False
2024-10-14,BULL_CALM,0.7374333579,hurst_momentum_bull,0.8162033505,MOMENTUM,False,False,False
2024-10-15,BULL_CALM,0.7131791061,hurst_momentum_bull,0.7992253743,MOMENTUM,False,False,False
2024-10-16,BULL_CALM,0.7215536284,hurst_momentum_bull,0.8050875399,MOMENTUM,False,False,False
2024-10-17,BULL_CALM,0.7068496627,hurst_momentum_bull,0.7947947639,MOMENTUM,False,False,False
2024-10-18,BULL_CALM,0.7098998956,hurst_momentum_bull,0.796929927,MOMENTUM,False,False,False
2024-10-21,BULL_CALM,0.7111622027,hurst_momentum_bull,0.7978135419,MOMENTUM,False,False,False
2024-10-22,BULL_CALM,0.7062460101,hurst_momentum_bull,0.794372207,MOMENTUM,False,False,False
2024-10-23,BULL_CALM,0.6986904729,hurst_momentum_bull,0.789083331,MOMENTUM,False,False,False
2024-10-24,BULL_CALM,0.7085220924,hurst_momentum_bull,0.7959654647,MOMENTUM,False,False,False
2024-10-25,BULL_CALM,0.7052132198,hurst_momentum_bull,0.7936492539,MOMENTUM,False,False,False
2024-10-28,BULL_CALM,0.6697150542,hurst_momentum_bull,0.768800538,MOMENTUM,False,False,False
2024-10-29,BULL_CALM,0.7353330025,hurst_momentum_bull,0.8147331017,MOMENTUM,False,False,False
2024-10-30,BULL_CALM,0.6882700655,hurst_momentum_bull,0.7817890458,MOMENTUM,False,False,False
2024-10-31,BULL_CALM,0.6465404423,hurst_momentum_bull,0.7525783096,MOMENTUM,False,False,False
2024-11-01,BULL_CALM,0.71621581,hurst_momentum_bull,0.801351067,MOMENTUM,False,False,False
2024-11-04,BULL_CALM,0.7004651227,hurst_momentum_bull,0.7903255859,MOMENTUM,False,False,False
2024-11-05,CHOPPY,0.5,hurst_momentum_vol_cluster_choppy,0.8089468153,MOMENTUM,False,True,True
2024-11-06,BEAR,0.5,hard_bear,0.7892484188,MOMENTUM,True,False,True
2024-11-07,BULL_CALM,0.5,hurst_momentum_bull,0.7746256595,MOMENTUM,False,False,True
2024-11-08,BULL_CALM,0.6972811307,hurst_momentum_bull,0.7880967915,MOMENTUM,False,False,False
2024-11-11,BULL_CALM,0.654659997,hurst_momentum_bull,0.7582619979,MOMENTUM,False,False,False
2024-11-12,BULL_CALM,0.6492912138,hurst_momentum_bull,0.7545038496,MOMENTUM,False,False,False
2024-11-13,BULL_CALM,0.6337568033,hurst_momentum_bull,0.7436297623,MOMENTUM,False,False,False
2024-11-14,BULL_CALM,0.6447984414,hurst_momentum_bull,0.751358909,MOMENTUM,False,False,False
2024-11-15,BULL_CALM,0.640673361,hurst_momentum_bull,0.7484713527,MOMENTUM,False,False,False
2024-11-18,BULL_CALM,0.6459337522,hurst_momentum_bull,0.7521536265,MOMENTUM,False,False,False
2024-11-19,BULL_CALM,0.6598114827,hurst_momentum_bull,0.7618680379,MOMENTUM,False,False,False
2024-11-20,BULL_CALM,0.6645576469,hurst_momentum_bull,0.7651903528,MOMENTUM,False,False,False
2024-11-21,BULL_CALM,0.6786378228,hurst_momentum_bull,0.775046476,MOMENTUM,False,False,False
2024-11-22,BULL_CALM,0.6756783143,hurst_momentum_bull,0.77297482,MOMENTUM,False,False,False
2024-11-25,BULL_CALM,0.6777283812,hurst_momentum_bull,0.7744098668,MOMENTUM,False,False,False
2024-11-26,BULL_CALM,0.6665930046,hurst_momentum_bull,0.7666151032,MOMENTUM,False,False,False
2024-11-27,BULL_CALM,0.6634664374,hurst_momentum_bull,0.7644265062,MOMENTUM,False,False,False
2024-11-29,BULL_CALM,0.6845655624,hurst_momentum_bull,0.7791958937,MOMENTUM,False,False,False
2024-12-02,BULL_CALM,0.6687344655,hurst_momentum_bull,0.7681141258,MOMENTUM,False,False,False
2024-12-03,BULL_CALM,0.6558743186,hurst_momentum_bull,0.759112023,MOMENTUM,False,False,False
2024-12-04,BULL_CALM,0.6456638326,hurst_momentum_bull,0.7519646828,MOMENTUM,False,False,False
2024-12-05,BULL_CALM,0.7042567716,hurst_momentum_bull,0.7929797401,MOMENTUM,False,False,False
2024-12-06,BULL_CALM,0.6735563507,hurst_momentum_bull,0.7714894455,MOMENTUM,False,False,False
2024-12-09,BULL_CALM,0.6565210236,hurst_momentum_bull,0.7595647166,MOMENTUM,False,False,False
2024-12-10,BULL_CALM,0.6129724564,hurst_momentum_bull,0.7290807195,MOMENTUM,False,False,False
2024-12-11,BULL_CALM,0.5782481755,hurst_momentum_bull,0.7047737229,MOMENTUM,False,False,False
2024-12-12,BULL_CALM,0.5631888788,hurst_momentum_bull,0.6942322151,MOMENTUM,False,False,False
2024-12-13,BULL_CALM,0.5516720788,hurst_momentum_bull,0.6861704552,MOMENTUM,False,False,False
2024-12-16,BULL_CALM,0.5547491732,hurst_momentum_bull,0.6883244212,MOMENTUM,False,False,False
2024-12-17,BULL_CALM,0.5614814207,hurst_momentum_bull,0.6930369945,MOMENTUM,False,False,False
2024-12-18,CHOPPY,0.5,hurst_momentum_vol_cluster_choppy,0.7282736902,MOMENTUM,False,True,True
2024-12-19,CHOPPY,0.5,hurst_momentum_vol_cluster_choppy,0.7221398486,MOMENTUM,False,True,True
2024-12-20,CHOPPY,0.5,hurst_momentum_vol_cluster_choppy,0.7235678271,MOMENTUM,False,True,True
2024-12-23,CHOPPY,0,hurst_momentum_vol_cluster_choppy,0.7203704178,MOMENTUM,False,True,False
2024-12-24,BEAR,0.5,hard_bear,0.7164851146,MOMENTUM,True,True,True
2024-12-26,BULL_CALM,0.5,hurst_momentum_bull,0.7293661501,MOMENTUM,False,False,True
2024-12-27,BULL_CALM,0.5,hurst_momentum_bull,0.7303504656,MOMENTUM,False,False,True
2024-12-30,BULL_CALM,0.6094023854,hurst_momentum_bull,0.7265816698,MOMENTUM,False,False,False
2024-12-31,BULL_CALM,0.6449110936,hurst_momentum_bull,0.7514377655,MOMENTUM,False,False,False
2025-01-02,BULL_CALM,0.6320233728,hurst_momentum_bull,0.742416361,MOMENTUM,False,False,False
2025-01-03,BULL_CALM,0.6486478631,hurst_momentum_bull,0.7540535041,MOMENTUM,False,False,False
2025-01-06,BULL_CALM,0.6292948126,hurst_momentum_bull,0.7405063688,MOMENTUM,False,False,False
2025-01-07,BULL_CALM,0.6727034434,hurst_momentum_bull,0.7708924104,MOMENTUM,False,False,False
2025-01-08,BULL_CALM,0.6508567812,hurst_momentum_bull,0.7555997468,MOMENTUM,False,False,False
2025-01-10,BULL_CALM,0.6343050758,hurst_momentum_bull,0.744013553,MOMENTUM,False,False,False
2025-01-13,BULL_CALM,0.629383395,hurst_momentum_bull,0.7405683765,MOMENTUM,False,False,False
2025-01-14,BULL_CALM,0.6256227105,hurst_momentum_bull,0.7379358973,MOMENTUM,False,False,False
2025-01-15,BULL_CALM,0.6106860467,hurst_momentum_bull,0.7274802327,MOMENTUM,False,False,False
2025-01-16,BULL_CALM,0.5927152338,hurst_momentum_bull,0.7149006637,MOMENTUM,False,False,False
2025-01-17,BULL_CALM,0.5883847598,hurst_momentum_bull,0.7118693319,MOMENTUM,False,False,False
2025-01-21,BULL_CALM,0.5777835625,hurst_momentum_bull,0.7044484937,MOMENTUM,False,False,False
2025-01-22,BULL_CALM,0.5667925453,hurst_momentum_bull,0.6967547817,MOMENTUM,False,False,False
2025-01-23,BULL_CALM,0.5554381164,hurst_momentum_bull,0.6888066814,MOMENTUM,False,False,False
2025-01-24,BULL_CALM,0.5428111341,hurst_momentum_bull,0.6799677939,MOMENTUM,False,False,False
2025-01-27,BULL_CALM,0.5310359299,hurst_momentum_bull,0.671725151,MOMENTUM,False,False,False
2025-01-28,BULL_CALM,0.5300031131,hurst_momentum_bull,0.6710021792,MOMENTUM,False,False,False
2025-01-29,BULL_CALM,0.5266813744,hurst_momentum_bull,0.6686769621,MOMENTUM,False,False,False
2025-01-30,BULL_CALM,0.5305111502,hurst_momentum_bull,0.6713578051,MOMENTUM,False,False,False
2025-01-31,BULL_CALM,0.5346670427,hurst_momentum_bull,0.6742669299,MOMENTUM,False,False,False
2025-02-03,BULL_CALM,0.5476695425,hurst_momentum_bull,0.6833686797,MOMENTUM,False,False,False
2025-02-04,BULL_CALM,0.5753466608,hurst_momentum_bull,0.7027426626,MOMENTUM,False,False,False
2025-02-05,BULL_CALM,0.581915059,hurst_momentum_bull,0.7073405413,MOMENTUM,False,False,False
2025-02-06,BULL_CALM,0.5789290438,hurst_momentum_bull,0.7052503306,MOMENTUM,False,False,False
2025-02-07,BULL_CALM,0.5207692924,hurst_momentum_bull,0.6645385047,MOMENTUM,False,False,False
2025-02-10,BULL_CALM,0.5634847516,hurst_momentum_bull,0.6944393262,MOMENTUM,False,False,False
2025-02-11,BULL_CALM,0.6232972131,hurst_momentum_bull,0.7363080492,MOMENTUM,False,False,False
2025-02-12,BULL_CALM,0.6378910366,hurst_momentum_bull,0.7465237256,MOMENTUM,False,False,False
2025-02-13,BULL_CALM,0.6451666497,hurst_momentum_bull,0.7516166548,MOMENTUM,False,False,False
2025-02-14,BULL_CALM,0.6206217186,hurst_momentum_bull,0.734435203,MOMENTUM,False,False,False
2025-02-18,BULL_CALM,0.6036199024,hurst_momentum_bull,0.7225339317,MOMENTUM,False,False,False
2025-02-19,BULL_CALM,0.5909154925,hurst_momentum_bull,0.7136408447,MOMENTUM,False,False,False
2025-02-20,BULL_CALM,0.6021162313,hurst_momentum_bull,0.7214813619,MOMENTUM,False,False,False
2025-02-21,BULL_CALM,0.5826012254,hurst_momentum_bull,0.7078208578,MOMENTUM,False,False,False
2025-02-24,BULL_CALM,0.5880888209,hurst_momentum_bull,0.7116621746,MOMENTUM,False,False,False
2025-02-25,BULL_CALM,0.582113195,hurst_momentum_bull,0.7074792365,MOMENTUM,False,False,False
2025-02-26,BULL_CALM,0.5570807017,hurst_momentum_bull,0.6899564912,MOMENTUM,False,False,False
2025-02-27,BEAR,0.5,hard_bear,0.6891588926,MOMENTUM,True,False,True
2025-02-28,BULL_CALM,0.5,hurst_momentum_bull,0.6709743619,MOMENTUM,False,False,True
2025-03-03,BULL_CALM,0.5,hurst_momentum_bull,0.6548064598,MOMENTUM,False,False,True
2025-03-04,BULL_CALM,0.5135105239,hurst_momentum_bull,0.6594573667,MOMENTUM,False,False,False
2025-03-05,BULL_CALM,0.5036601578,hurst_momentum_bull,0.6525621105,MOMENTUM,False,False,False
2025-03-06,BEAR,0.5,hard_bear,0.6513562304,MOMENTUM,True,False,True
2025-03-07,BULL_VOLATILE,0.5,dominant_gmm,0.6452688331,AMBIGUOUS,False,False,True
2025-03-10,BEAR,0.5,hard_bear,0.656042849,MOMENTUM,True,False,True
2025-03-11,BEAR,1,hard_bear,0.6520316745,MOMENTUM,True,False,False
2025-03-12,BEAR,1,hard_bear,0.656292395,MOMENTUM,True,False,False
2025-03-13,BEAR,1,hard_bear,0.6687155705,MOMENTUM,True,False,False
2025-03-14,BEAR,1,hard_bear,0.6736763724,MOMENTUM,True,False,False
2025-03-17,BEAR,0.5464558351,hurst_momentum_spy_bearish,0.6825190846,MOMENTUM,False,False,False
2025-03-18,BEAR,1,hard_bear,0.682170798,MOMENTUM,True,False,False
2025-03-19,BEAR,0.5587813309,hurst_momentum_spy_bearish,0.6911469316,MOMENTUM,False,False,False
2025-03-20,BEAR,0.5831660297,hurst_momentum_spy_bearish,0.7082162208,MOMENTUM,False,False,False
2025-03-21,BEAR,0.5547103737,hurst_momentum_spy_bearish,0.6882972616,MOMENTUM,False,False,False
2025-03-24,BULL_CALM,0.5,hurst_momentum_bull,0.7535367202,MOMENTUM,False,False,True
2025-03-25,BULL_CALM,0.5,hurst_momentum_bull,0.7498202643,MOMENTUM,False,False,True
2025-03-26,BEAR,0.5,hurst_momentum_spy_bearish,0.740075098,MOMENTUM,False,False,True
2025-03-27,BEAR,0.6304729361,hurst_momentum_spy_bearish,0.7413310552,MOMENTUM,False,False,False
2025-03-28,BEAR,0.6652497291,hurst_momentum_spy_bearish,0.7656748104,MOMENTUM,False,False,False
2025-03-31,BEAR,0.6593342552,hurst_momentum_spy_bearish,0.7615339787,MOMENTUM,False,False,False
2025-04-01,BEAR,0.6473176565,hurst_momentum_spy_bearish,0.7531223595,MOMENTUM,False,False,False
2025-04-02,BEAR,0.6220542503,hurst_momentum_spy_bearish,0.7354379752,MOMENTUM,False,False,False
2025-04-03,BEAR,1,hard_bear,0.7281316156,MOMENTUM,True,False,False
2025-04-04,BEAR,1,hard_bear,0.7034447793,MOMENTUM,True,False,False
2025-04-07,BEAR,1,hard_bear,0.74173942,MOMENTUM,True,False,False
2025-04-08,BEAR,1,hard_bear,0.7465021447,MOMENTUM,True,False,False
2025-04-09,BEAR,1,hard_bear,0.7380099353,MOMENTUM,True,True,False
2025-04-10,BEAR,1,hard_bear,0.7218744697,MOMENTUM,True,False,False
2025-04-11,BEAR,1,hard_bear,0.7437460439,MOMENTUM,True,False,False
2025-04-14,BEAR,1,hard_bear,0.739271879,MOMENTUM,True,False,False
2025-04-15,BEAR,1,hard_bear,0.732517035,MOMENTUM,True,False,False
2025-04-16,BEAR,1,hard_bear,0.6801719123,MOMENTUM,True,False,False
2025-04-17,BEAR,1,hard_bear,0.677467546,MOMENTUM,True,False,False
2025-04-21,BEAR,1,hard_bear,0.6551635411,MOMENTUM,True,False,False
2025-04-22,BEAR,1,hard_bear,0.6733093975,MOMENTUM,True,False,False
2025-04-23,BEAR,1,hard_bear,0.6883597201,MOMENTUM,True,False,False
2025-04-24,BEAR,1,hard_bear,0.7104736489,MOMENTUM,True,False,False
2025-04-25,BEAR,1,hard_bear,0.7111721981,MOMENTUM,True,False,False
2025-04-28,BEAR,1,hard_bear,0.692709602,MOMENTUM,True,False,False
2025-04-29,BEAR,1,hard_bear,0.7054486291,MOMENTUM,True,False,False
2025-04-30,BEAR,1,hard_bear,0.705297045,MOMENTUM,True,False,False
2025-05-01,BEAR,1,hard_bear,0.717210291,MOMENTUM,True,False,False
2025-05-02,BEAR,1,hard_bear,0.7210084038,MOMENTUM,True,False,False
2025-05-05,BEAR,1,hard_bear,0.7249600479,MOMENTUM,True,False,False
2025-05-06,BEAR,1,hard_bear,0.7165130977,MOMENTUM,True,False,False
2025-05-07,BEAR,1,hard_bear,0.6994223787,MOMENTUM,True,False,False
2025-05-08,BULL_CALM,0.5,hurst_momentum_bull,0.697135333,MOMENTUM,False,False,True
2025-05-09,BULL_CALM,0.5,hurst_momentum_bull,0.7131654656,MOMENTUM,False,False,True
2025-05-12,BULL_CALM,0.5,hurst_momentum_bull,0.6910141142,MOMENTUM,False,False,True
2025-05-13,BULL_CALM,0.557216715,hurst_momentum_bull,0.6900517005,MOMENTUM,False,False,False
2025-05-14,BULL_CALM,0.5655596392,hurst_momentum_bull,0.6958917474,MOMENTUM,False,False,False
2025-05-15,BULL_CALM,0.5258430153,hurst_momentum_bull,0.6680901107,MOMENTUM,False,False,False
2025-05-16,BULL_CALM,0.5250350101,hurst_momentum_bull,0.6675245071,MOMENTUM,False,False,False
2025-05-19,BULL_CALM,0.5208239983,hurst_momentum_bull,0.6645767988,MOMENTUM,False,False,False
2025-05-20,BULL_CALM,0.5065073363,hurst_momentum_bull,0.6545551354,MOMENTUM,False,False,False
2025-05-21,BULL_CALM,0.5066827967,hurst_momentum_bull,0.6546779577,MOMENTUM,False,False,False
2025-05-22,BULL_CALM,0.5112511483,hurst_momentum_bull,0.6578758038,MOMENTUM,False,False,False
2025-05-23,BULL_CALM,0.5060256474,hurst_momentum_bull,0.6542179532,MOMENTUM,False,False,False
2025-05-27,BULL_CALM,0.516176842,hurst_momentum_bull,0.6613237894,MOMENTUM,False,False,False
2025-05-28,BULL_CALM,0.5390998497,hurst_momentum_bull,0.6773698948,MOMENTUM,False,False,False
2025-05-29,BULL_CALM,0.542564038,hurst_momentum_bull,0.6797948266,MOMENTUM,False,False,False
2025-05-30,BULL_CALM,0.5678180899,hurst_momentum_bull,0.6974726629,MOMENTUM,False,False,False
2025-06-02,BULL_CALM,0.5572806932,hurst_momentum_bull,0.6900964853,MOMENTUM,False,False,False
2025-06-03,BULL_CALM,0.5410787715,hurst_momentum_bull,0.6787551401,MOMENTUM,False,False,False
2025-06-04,BULL_CALM,0.5768551954,hurst_momentum_bull,0.7037986368,MOMENTUM,False,False,False
2025-06-05,BULL_CALM,0.5415898611,hurst_momentum_bull,0.6791129027,MOMENTUM,False,False,False
2025-06-06,BULL_CALM,0.5504335811,hurst_momentum_bull,0.6853035068,MOMENTUM,False,False,False
2025-06-09,BULL_CALM,0.5371988062,hurst_momentum_bull,0.6760391643,MOMENTUM,False,False,False
2025-06-10,BULL_CALM,0.5309453891,hurst_momentum_bull,0.6716617724,MOMENTUM,False,False,False
2025-06-11,BULL_CALM,0.5111494056,hurst_momentum_bull,0.6578045839,MOMENTUM,False,False,False
2025-06-12,BULL_CALM,0.5195496744,hurst_momentum_bull,0.6636847721,MOMENTUM,False,False,False
2025-06-13,BULL_CALM,0.5061013768,hurst_momentum_bull,0.6542709638,MOMENTUM,False,False,False
2025-06-16,BULL_CALM,0.9273090448,dominant_gmm,0.6297672583,AMBIGUOUS,False,False,False
2025-06-17,BULL_CALM,0.7631349701,dominant_gmm,0.6402708547,AMBIGUOUS,False,False,False
2025-06-18,BULL_CALM,0.8336313862,dominant_gmm,0.6304751849,AMBIGUOUS,False,False,False
2025-06-20,BULL_CALM,0.9582773674,dominant_gmm,0.6351294566,AMBIGUOUS,False,False,False
2025-06-23,BULL_CALM,0.9597834485,dominant_gmm,0.6455004792,AMBIGUOUS,False,False,False
2025-06-24,BULL_CALM,0.8843894063,dominant_gmm,0.6299235911,AMBIGUOUS,False,False,False
2025-06-25,BULL_CALM,0.9467835792,dominant_gmm,0.6320551806,AMBIGUOUS,False,False,False
2025-06-26,BULL_CALM,0.9183210963,dominant_gmm,0.6233053007,AMBIGUOUS,False,False,False
2025-06-27,BULL_CALM,0.8992940365,dominant_gmm,0.6351860328,AMBIGUOUS,False,False,False
2025-06-30,BULL_CALM,0.6081137021,dominant_gmm,0.6292052447,AMBIGUOUS,False,False,False
2025-07-01,BULL_CALM,0.9645032765,dominant_gmm,0.6191651414,AMBIGUOUS,False,False,False
2025-07-02,BULL_CALM,0.9605861799,dominant_gmm,0.6245752729,AMBIGUOUS,False,False,False
2025-07-03,BULL_CALM,0.9968407747,dominant_gmm,0.6238259309,AMBIGUOUS,False,False,False
2025-07-07,BULL_CALM,0.6539850489,dominant_gmm,0.5763814117,AMBIGUOUS,False,False,False
2025-07-08,BULL_CALM,0.9492572457,dominant_gmm,0.5981794702,AMBIGUOUS,False,False,False
2025-07-09,BULL_CALM,0.9501922306,dominant_gmm,0.6157899073,AMBIGUOUS,False,False,False
2025-07-10,BULL_CALM,0.9528403057,dominant_gmm,0.6371277282,AMBIGUOUS,False,False,False
2025-07-11,BULL_CALM,0.5907005666,hurst_momentum_bull,0.7134903966,MOMENTUM,False,False,False
2025-07-14,BULL_CALM,0.5706540065,hurst_momentum_bull,0.6994578045,MOMENTUM,False,False,False
2025-07-15,BULL_CALM,0.6287052732,hurst_momentum_bull,0.7400936912,MOMENTUM,False,False,False
2025-07-16,BULL_CALM,0.6530148476,hurst_momentum_bull,0.7571103933,MOMENTUM,False,False,False
2025-07-17,BULL_CALM,0.6405721573,hurst_momentum_bull,0.7484005101,MOMENTUM,False,False,False
2025-07-18,BULL_CALM,0.6051466506,hurst_momentum_bull,0.7236026554,MOMENTUM,False,False,False
2025-07-21,BULL_CALM,0.6053837706,hurst_momentum_bull,0.7237686394,MOMENTUM,False,False,False
2025-07-22,BULL_CALM,0.6060670415,hurst_momentum_bull,0.7242469291,MOMENTUM,False,False,False
2025-07-23,BULL_CALM,0.5816106988,hurst_momentum_bull,0.7071274892,MOMENTUM,False,False,False
2025-07-24,BULL_CALM,0.5760884479,hurst_momentum_bull,0.7032619136,MOMENTUM,False,False,False
2025-07-25,BULL_CALM,0.5684295677,hurst_momentum_bull,0.6979006974,MOMENTUM,False,False,False
2025-07-28,BULL_CALM,0.5480247292,hurst_momentum_bull,0.6836173104,MOMENTUM,False,False,False
2025-07-29,BULL_CALM,0.572768731,hurst_momentum_bull,0.7009381117,MOMENTUM,False,False,False
2025-07-30,BULL_CALM,0.5621581181,hurst_momentum_bull,0.6935106827,MOMENTUM,False,False,False
2025-07-31,BULL_CALM,0.5755942917,hurst_momentum_bull,0.7029160042,MOMENTUM,False,False,False
2025-08-01,BULL_CALM,0.5711273797,hurst_momentum_bull,0.6997891658,MOMENTUM,False,False,False
2025-08-04,BULL_CALM,0.6153123633,hurst_momentum_bull,0.7307186543,MOMENTUM,False,False,False
2025-08-05,BULL_CALM,0.6158363283,hurst_momentum_bull,0.7310854298,MOMENTUM,False,False,False
2025-08-06,CHOPPY,0.5,hurst_momentum_vol_cluster_choppy,0.7469807994,MOMENTUM,False,True,True
2025-08-07,CHOPPY,0.5,hurst_momentum_vol_cluster_choppy,0.7450768893,MOMENTUM,False,True,True
2025-08-08,BULL_CALM,0.5,hurst_momentum_bull,0.7373922852,MOMENTUM,False,False,True
2025-08-11,BULL_CALM,0.6291495208,hurst_momentum_bull,0.7404046646,MOMENTUM,False,False,False
2025-08-12,BULL_CALM,0.6120054446,hurst_momentum_bull,0.7284038112,MOMENTUM,False,False,False
2025-08-13,BULL_CALM,0.6098004946,hurst_momentum_bull,0.7268603462,MOMENTUM,False,False,False
2025-08-14,BULL_CALM,0.5933542803,hurst_momentum_bull,0.7153479962,MOMENTUM,False,False,False
2025-08-15,BULL_CALM,0.5873232168,hurst_momentum_bull,0.7111262517,MOMENTUM,False,False,False
2025-08-18,BULL_CALM,0.5908710978,hurst_momentum_bull,0.7136097685,MOMENTUM,False,False,False
2025-08-19,BULL_CALM,0.5655760934,hurst_momentum_bull,0.6959032654,MOMENTUM,False,False,False
2025-08-20,BULL_CALM,0.5268969089,hurst_momentum_bull,0.6688278362,MOMENTUM,False,False,False
2025-08-21,BULL_CALM,0.549020797,hurst_momentum_bull,0.6843145579,MOMENTUM,False,False,False
2025-08-22,BULL_CALM,0.5521070923,hurst_momentum_bull,0.6864749646,MOMENTUM,False,False,False
2025-08-25,BULL_CALM,0.6095772894,hurst_momentum_bull,0.7267041026,MOMENTUM,False,False,False
2025-08-26,BULL_CALM,0.6005953342,hurst_momentum_bull,0.720416734,MOMENTUM,False,False,False
2025-08-27,BULL_CALM,0.6066639333,hurst_momentum_bull,0.7246647533,MOMENTUM,False,False,False
2025-08-28,BULL_CALM,0.6042213391,hurst_momentum_bull,0.7229549374,MOMENTUM,False,False,False
2025-08-29,BULL_CALM,0.5902793994,hurst_momentum_bull,0.7131955796,MOMENTUM,False,False,False
2025-09-02,BULL_CALM,0.5992778293,hurst_momentum_bull,0.7194944805,MOMENTUM,False,False,False
2025-09-03,BULL_CALM,0.6185549675,hurst_momentum_bull,0.7329884772,MOMENTUM,False,False,False
2025-09-04,BULL_CALM,0.6138211264,hurst_momentum_bull,0.7296747884,MOMENTUM,False,False,False
2025-09-05,BULL_CALM,0.5906526686,hurst_momentum_bull,0.713456868,MOMENTUM,False,False,False
2025-09-08,BULL_CALM,0.6442599021,hurst_momentum_bull,0.7509819314,MOMENTUM,False,False,False
2025-09-09,BULL_CALM,0.6291117636,hurst_momentum_bull,0.7403782345,MOMENTUM,False,False,False
2025-09-10,BULL_CALM,0.6532847025,hurst_momentum_bull,0.7572992917,MOMENTUM,False,False,False
2025-09-11,BULL_CALM,0.6260178067,hurst_momentum_bull,0.7382124647,MOMENTUM,False,False,False
2025-09-12,BULL_CALM,0.6395131483,hurst_momentum_bull,0.7476592038,MOMENTUM,False,False,False
2025-09-15,BULL_CALM,0.5994366061,hurst_momentum_bull,0.7196056243,MOMENTUM,False,False,False
2025-09-16,BULL_CALM,0.6559651356,hurst_momentum_bull,0.7591755949,MOMENTUM,False,False,False
2025-09-17,BULL_CALM,0.6411715225,hurst_momentum_bull,0.7488200657,MOMENTUM,False,False,False
2025-09-18,BULL_CALM,0.6440629223,hurst_momentum_bull,0.7508440456,MOMENTUM,False,False,False
2025-09-19,BULL_CALM,0.6542547289,hurst_momentum_bull,0.7579783102,MOMENTUM,False,False,False
2025-09-22,BULL_CALM,0.6238731808,hurst_momentum_bull,0.7367112266,MOMENTUM,False,False,False
2025-09-23,BULL_CALM,0.5617325527,hurst_momentum_bull,0.6932127869,MOMENTUM,False,False,False
2025-09-24,BULL_CALM,0.5717783689,hurst_momentum_bull,0.7002448582,MOMENTUM,False,False,False
2025-09-25,BULL_CALM,0.5338685284,hurst_momentum_bull,0.6737079699,MOMENTUM,False,False,False
2025-09-26,BULL_CALM,0.5254679475,hurst_momentum_bull,0.6678275632,MOMENTUM,False,False,False
2025-09-29,BULL_CALM,0.5428216049,hurst_momentum_bull,0.6799751235,MOMENTUM,False,False,False
2025-09-30,BULL_CALM,0.5507362271,hurst_momentum_bull,0.685515359,MOMENTUM,False,False,False
2025-10-01,BULL_CALM,0.5379028871,hurst_momentum_bull,0.676532021,MOMENTUM,False,False,False
2025-10-02,BULL_CALM,0.5422593754,hurst_momentum_bull,0.6795815628,MOMENTUM,False,False,False
2025-10-03,BULL_CALM,0.5380258906,hurst_momentum_bull,0.6766181234,MOMENTUM,False,False,False
2025-10-06,BULL_CALM,0.5428071762,hurst_momentum_bull,0.6799650233,MOMENTUM,False,False,False
2025-10-07,BULL_CALM,0.5310937202,hurst_momentum_bull,0.6717656041,MOMENTUM,False,False,False
2025-10-08,BULL_CALM,0.5149084426,hurst_momentum_bull,0.6604359098,MOMENTUM,False,False,False
2025-10-09,BULL_CALM,0.5084185611,hurst_momentum_bull,0.6558929928,MOMENTUM,False,False,False
2025-10-10,CHOPPY,0.5,hurst_momentum_vol_cluster_choppy,0.6648317241,MOMENTUM,False,True,True
2025-10-13,BEAR,0.5,hard_bear,0.659802708,MOMENTUM,True,True,True
2025-10-14,CHOPPY,0.5,hurst_momentum_vol_cluster_choppy,0.6625303063,MOMENTUM,False,True,True
2025-10-15,CHOPPY,0,hurst_momentum_vol_cluster_choppy,0.656061708,MOMENTUM,False,True,False
2025-10-16,CHOPPY,0,hurst_momentum_vol_cluster_choppy,0.6530930671,MOMENTUM,False,True,False
2025-10-17,BULL_CALM,0.5,hurst_momentum_bull,0.6550775174,MOMENTUM,False,False,True
2025-10-20,BULL_CALM,0.5,hurst_momentum_bull,0.666129106,MOMENTUM,False,False,True
2025-10-21,BULL_CALM,0.5,hurst_momentum_bull,0.6640664253,MOMENTUM,False,False,True
2025-10-22,BULL_CALM,0.5355137427,hurst_momentum_bull,0.6748596199,MOMENTUM,False,False,False
2025-10-23,BULL_CALM,0.5366866245,hurst_momentum_bull,0.6756806372,MOMENTUM,False,False,False
2025-10-24,BULL_CALM,0.5230977029,hurst_momentum_bull,0.666168392,MOMENTUM,False,False,False
2025-10-27,BULL_VOLATILE,0.5,dominant_gmm,0.6497446378,AMBIGUOUS,False,False,True
2025-10-28,BULL_VOLATILE,0.5,dominant_gmm,0.6434600478,AMBIGUOUS,False,False,True
2025-10-29,BULL_VOLATILE,0.5,dominant_gmm,0.619632923,AMBIGUOUS,False,False,True
2025-10-30,BULL_CALM,0.5,hurst_momentum_bull,0.6739849844,MOMENTUM,False,False,True
2025-10-31,BULL_VOLATILE,0.5,dominant_gmm,0.6390657068,AMBIGUOUS,False,False,True
2025-11-03,BULL_CALM,0.5,hurst_momentum_bull,0.6813068102,MOMENTUM,False,False,True
2025-11-04,BULL_CALM,0.5112736999,hurst_momentum_bull,0.65789159,MOMENTUM,False,False,False
2025-11-05,BULL_CALM,0.5208781623,hurst_momentum_bull,0.6646147136,MOMENTUM,False,False,False
2025-11-06,BULL_VOLATILE,0.5,dominant_gmm,0.6315033215,AMBIGUOUS,False,False,True
2025-11-07,BULL_CALM,0.5,hurst_momentum_bull,0.6633925777,MOMENTUM,False,False,True
2025-11-10,BULL_CALM,0.5,dominant_gmm,0.6457419254,AMBIGUOUS,False,False,True
2025-11-11,BULL_CALM,0.5192236702,hurst_momentum_bull,0.6634565692,MOMENTUM,False,False,False
2025-11-12,BULL_CALM,0.505668582,hurst_momentum_bull,0.6539680074,MOMENTUM,False,False,False
2025-11-13,CHOPPY,0.5,vol_cluster_choppy,0.6382593974,AMBIGUOUS,False,True,True
2025-11-14,CHOPPY,0.5,vol_cluster_choppy,0.6327084987,AMBIGUOUS,False,True,True
2025-11-17,BULL_VOLATILE,0.5,dominant_gmm,0.6210634822,AMBIGUOUS,False,False,True
2025-11-18,BULL_VOLATILE,0.9701430995,dominant_gmm,0.6108175792,AMBIGUOUS,False,False,False
2025-11-19,BULL_VOLATILE,0.9507583993,dominant_gmm,0.6131799121,AMBIGUOUS,False,False,False
2025-11-20,BULL_CALM,0.5,hurst_momentum_bull,0.7001411572,MOMENTUM,False,False,True
2025-11-21,BULL_CALM,0.5,hurst_momentum_bull,0.6776937078,MOMENTUM,False,False,True
2025-11-24,BULL_CALM,0.5,hurst_momentum_bull,0.6923966749,MOMENTUM,False,False,True
2025-11-25,BULL_CALM,0.5906722756,hurst_momentum_bull,0.7134705929,MOMENTUM,False,False,False
2025-11-26,BULL_CALM,0.6092449017,hurst_momentum_bull,0.7264714312,MOMENTUM,False,False,False
2025-11-28,BULL_CALM,0.5637501908,hurst_momentum_bull,0.6946251336,MOMENTUM,False,False,False
2025-12-01,BULL_CALM,0.5859785361,hurst_momentum_bull,0.7101849753,MOMENTUM,False,False,False
2025-12-02,BULL_CALM,0.5929654998,hurst_momentum_bull,0.7150758499,MOMENTUM,False,False,False
2025-12-03,BULL_CALM,0.5956658542,hurst_momentum_bull,0.7169660979,MOMENTUM,False,False,False
2025-12-04,BULL_CALM,0.6012462572,hurst_momentum_bull,0.72087238,MOMENTUM,False,False,False
2025-12-05,BULL_CALM,0.585975336,hurst_momentum_bull,0.7101827352,MOMENTUM,False,False,False
2025-12-08,BULL_CALM,0.5985945873,hurst_momentum_bull,0.7190162111,MOMENTUM,False,False,False
2025-12-09,BULL_CALM,0.6070017189,hurst_momentum_bull,0.7249012032,MOMENTUM,False,False,False
2025-12-10,BULL_CALM,0.6024638633,hurst_momentum_bull,0.7217247043,MOMENTUM,False,False,False
2025-12-11,BULL_CALM,0.5863397334,hurst_momentum_bull,0.7104378134,MOMENTUM,False,False,False
2025-12-12,BULL_CALM,0.5900598521,hurst_momentum_bull,0.7130418965,MOMENTUM,False,False,False
2025-12-15,BULL_CALM,0.5957186754,hurst_momentum_bull,0.7170030728,MOMENTUM,False,False,False
2025-12-16,BULL_CALM,0.6050518932,hurst_momentum_bull,0.7235363253,MOMENTUM,False,False,False
2025-12-17,BULL_CALM,0.5931658389,hurst_momentum_bull,0.7152160872,MOMENTUM,False,False,False
2025-12-18,BULL_CALM,0.6032140002,hurst_momentum_bull,0.7222498001,MOMENTUM,False,False,False
2025-12-19,BULL_CALM,0.5871535321,hurst_momentum_bull,0.7110074725,MOMENTUM,False,False,False
2025-12-22,BULL_CALM,0.6103630652,hurst_momentum_bull,0.7272541456,MOMENTUM,False,False,False
2025-12-23,BULL_CALM,0.6085430953,hurst_momentum_bull,0.7259801667,MOMENTUM,False,False,False
2025-12-24,BULL_CALM,0.6113085758,hurst_momentum_bull,0.7279160031,MOMENTUM,False,False,False
2025-12-26,BULL_CALM,0.6142457226,hurst_momentum_bull,0.7299720058,MOMENTUM,False,False,False
2025-12-29,BULL_CALM,0.6259071644,hurst_momentum_bull,0.7381350151,MOMENTUM,False,False,False
2025-12-30,BULL_CALM,0.6263911471,hurst_momentum_bull,0.738473803,MOMENTUM,False,False,False
2025-12-31,BULL_CALM,0.6410689463,hurst_momentum_bull,0.7487482624,MOMENTUM,False,False,False
2026-01-02,BULL_CALM,0.6492164537,hurst_momentum_bull,0.7544515176,MOMENTUM,False,False,False
2026-01-05,BULL_CALM,0.6589155147,hurst_momentum_bull,0.7612408603,MOMENTUM,False,False,False
2026-01-06,BULL_CALM,0.6630910059,hurst_momentum_bull,0.7641637041,MOMENTUM,False,False,False
2026-01-07,BULL_CALM,0.6676444767,hurst_momentum_bull,0.7673511337,MOMENTUM,False,False,False
2026-01-08,BULL_CALM,0.6830877573,hurst_momentum_bull,0.7781614301,MOMENTUM,False,False,False
2026-01-09,BULL_CALM,0.6849327284,hurst_momentum_bull,0.7794529099,MOMENTUM,False,False,False
2026-01-12,BULL_CALM,0.6699461668,hurst_momentum_bull,0.7689623167,MOMENTUM,False,False,False
2026-01-13,BULL_CALM,0.6663500451,hurst_momentum_bull,0.7664450316,MOMENTUM,False,False,False
2026-01-14,BULL_CALM,0.6820968295,hurst_momentum_bull,0.7774677807,MOMENTUM,False,False,False
2026-01-15,BULL_CALM,0.694780548,hurst_momentum_bull,0.7863463836,MOMENTUM,False,False,False
2026-01-16,BULL_CALM,0.6985512594,hurst_momentum_bull,0.7889858816,MOMENTUM,False,False,False
2026-01-20,BULL_CALM,0.6891748582,hurst_momentum_bull,0.7824224008,MOMENTUM,False,False,False
2026-01-21,CHOPPY,0.5,hurst_momentum_vol_cluster_choppy,0.7640960667,MOMENTUM,False,True,True
2026-01-22,CHOPPY,0.5,hurst_momentum_vol_cluster_choppy,0.7768634691,MOMENTUM,False,True,True
2026-01-23,CHOPPY,0.5,hurst_momentum_vol_cluster_choppy,0.7984443201,MOMENTUM,False,True,True
2026-01-26,CHOPPY,0,hurst_momentum_vol_cluster_choppy,0.7893034163,MOMENTUM,False,True,False
2026-01-27,BULL_CALM,0.5,hurst_momentum_bull,0.7701257433,MOMENTUM,False,False,True
2026-01-28,BULL_CALM,0.5,hurst_momentum_bull,0.7429516439,MOMENTUM,False,False,True
2026-01-29,BULL_CALM,0.5,hurst_momentum_bull,0.7435075169,MOMENTUM,False,False,True
2026-01-30,BULL_CALM,0.6229937904,hurst_momentum_bull,0.7360956533,MOMENTUM,False,False,False
2026-02-02,BULL_CALM,0.6298149119,hurst_momentum_bull,0.7408704383,MOMENTUM,False,False,False
2026-02-03,BULL_CALM,0.6365862013,hurst_momentum_bull,0.7456103409,MOMENTUM,False,False,False
2026-02-04,BULL_CALM,0.6342520826,hurst_momentum_bull,0.7439764578,MOMENTUM,False,False,False
2026-02-05,BULL_CALM,0.6541227434,hurst_momentum_bull,0.7578859204,MOMENTUM,False,False,False
2026-02-06,CHOPPY,0.5,hurst_momentum_vol_cluster_choppy,0.7588629871,MOMENTUM,False,True,True
2026-02-09,CHOPPY,0.5,hurst_momentum_vol_cluster_choppy,0.7639555251,MOMENTUM,False,True,True
2026-02-10,CHOPPY,0.5,hurst_momentum_vol_cluster_choppy,0.7510402066,MOMENTUM,False,True,True
2026-02-11,CHOPPY,0,hurst_momentum_vol_cluster_choppy,0.7694919038,MOMENTUM,False,True,False
2026-02-12,CHOPPY,0,hurst_momentum_vol_cluster_choppy,0.7804600614,MOMENTUM,False,True,False
2026-02-13,BULL_CALM,0.5,hurst_momentum_bull,0.763065834,MOMENTUM,False,False,True
2026-02-17,BULL_CALM,0.5,hurst_momentum_bull,0.7361083495,MOMENTUM,False,False,True
2026-02-18,BULL_CALM,0.5,hurst_momentum_bull,0.709127933,MOMENTUM,False,False,True
2026-02-19,BULL_CALM,0.5672614155,hurst_momentum_bull,0.6970829909,MOMENTUM,False,False,False
2026-02-20,BULL_CALM,0.5408343598,hurst_momentum_bull,0.6785840519,MOMENTUM,False,False,False
2026-02-23,BULL_CALM,0.5493637803,hurst_momentum_bull,0.6845546462,MOMENTUM,False,False,False
2026-02-24,BULL_CALM,0.6296163814,hurst_momentum_bull,0.740731467,MOMENTUM,False,False,False
2026-02-25,BULL_CALM,0.5899716224,hurst_momentum_bull,0.7129801357,MOMENTUM,False,False,False
2026-02-26,BULL_CALM,0.5436408838,hurst_momentum_bull,0.6805486187,MOMENTUM,False,False,False
2026-02-27,BULL_CALM,0.5174521303,hurst_momentum_bull,0.6622164912,MOMENTUM,False,False,False
2026-03-02,BULL_CALM,0.5175366666,hurst_momentum_bull,0.6622756666,MOMENTUM,False,False,False
2026-03-03,BULL_CALM,0.5627745655,dominant_gmm,0.6446198692,AMBIGUOUS,False,False,False
2026-03-04,BULL_CALM,0.6180911405,dominant_gmm,0.6410602425,AMBIGUOUS,False,False,False
2026-03-05,BULL_CALM,0.5985127751,dominant_gmm,0.6475590268,AMBIGUOUS,False,False,False
2026-03-06,BULL_CALM,0.5095600349,hurst_momentum_bull,0.6566920245,MOMENTUM,False,False,False
2026-03-09,BULL_CALM,0.5091952005,hurst_momentum_bull,0.6564366403,MOMENTUM,False,False,False
2026-03-10,BULL_CALM,0.5034733374,hurst_momentum_bull,0.6524313362,MOMENTUM,False,False,False
2026-03-11,BULL_VOLATILE,0.5,dominant_gmm,0.6377722484,AMBIGUOUS,False,False,True
2026-03-12,BULL_VOLATILE,0.5,dominant_gmm,0.6172725678,AMBIGUOUS,False,False,True
2026-03-13,BULL_VOLATILE,0.5,dominant_gmm,0.6379516443,AMBIGUOUS,False,False,True
2026-03-16,BULL_CALM,0.5,hurst_momentum_bull,0.6606914182,MOMENTUM,False,False,True
2026-03-17,BULL_VOLATILE,0.5,dominant_gmm,0.6248365742,AMBIGUOUS,False,False,True
2026-03-18,BULL_VOLATILE,0.5,dominant_gmm,0.6165735172,AMBIGUOUS,False,False,True
2026-03-19,BULL_VOLATILE,0.9935372799,dominant_gmm,0.6268795311,AMBIGUOUS,False,False,False
2026-03-20,BEAR,0.5,hurst_momentum_spy_bearish,0.6843899813,MOMENTUM,False,False,True
2026-03-23,BEAR,0.5,hurst_momentum_spy_bearish,0.6587495736,MOMENTUM,False,False,True
2026-03-24,BULL_VOLATILE,0.5,dominant_gmm,0.6348448329,AMBIGUOUS,False,False,True
2026-03-25,BULL_VOLATILE,0.9800176039,dominant_gmm,0.6184870766,AMBIGUOUS,False,False,False
2026-03-26,BULL_VOLATILE,0.9957147074,dominant_gmm,0.6059835777,AMBIGUOUS,False,False,False
2026-03-27,BULL_VOLATILE,0.999992487,dominant_gmm,0.6048110528,AMBIGUOUS,False,False,False
2026-03-30,BULL_VOLATILE,0.9999999911,dominant_gmm,0.5934475677,AMBIGUOUS,False,False,False
2026-03-31,BEAR,0.5,hard_bear,0.5980283837,AMBIGUOUS,True,False,True
2026-04-01,BEAR,0.5,hard_bear,0.5891082377,AMBIGUOUS,True,False,True
2026-04-02,BEAR,0.5,hard_bear,0.5897275962,AMBIGUOUS,True,False,True
2026-04-06,BULL_VOLATILE,0.5,dominant_gmm,0.6005524558,AMBIGUOUS,False,False,True
2026-04-07,BULL_VOLATILE,0.5,dominant_gmm,0.593480621,AMBIGUOUS,False,False,True
2026-04-08,BULL_VOLATILE,0.5,dominant_gmm,0.6015289107,AMBIGUOUS,False,False,True
2026-04-09,BULL_VOLATILE,0.998119448,dominant_gmm,0.5830377932,AMBIGUOUS,False,False,False
2026-04-10,BULL_VOLATILE,0.9964020586,dominant_gmm,0.5914419791,AMBIGUOUS,False,False,False
2026-04-13,BULL_VOLATILE,0.9999942829,dominant_gmm,0.608910885,AMBIGUOUS,False,False,False
2026-04-14,BULL_VOLATILE,0.9999997681,dominant_gmm,0.6272454556,AMBIGUOUS,False,False,False
2026-04-15,BULL_VOLATILE,0.9998347221,dominant_gmm,0.6213637332,AMBIGUOUS,False,False,False
2026-04-16,BULL_VOLATILE,0.999956496,dominant_gmm,0.615544826,AMBIGUOUS,False,False,False
2026-04-17,BULL_VOLATILE,0.9999900246,dominant_gmm,0.6212298154,AMBIGUOUS,False,False,False
2026-04-20,BULL_VOLATILE,0.999434838,dominant_gmm,0.622677369,AMBIGUOUS,False,False,False
2026-04-21,BULL_CALM,0.5,hurst_momentum_bull,0.6596053942,MOMENTUM,False,False,True
2026-04-22,BULL_CALM,0.5,hurst_momentum_bull,0.6595294446,MOMENTUM,False,False,True
2026-04-23,BULL_CALM,0.5,hurst_momentum_bull,0.6632307928,MOMENTUM,False,False,True
2026-04-24,BULL_CALM,0.5399919729,hurst_momentum_bull,0.677994381,MOMENTUM,False,False,False
2026-04-27,BULL_CALM,0.5650981127,hurst_momentum_bull,0.6955686789,MOMENTUM,False,False,False
2026-04-28,BULL_CALM,0.6132298899,hurst_momentum_bull,0.7292609229,MOMENTUM,False,False,False
2026-04-29,BULL_CALM,0.6174564842,hurst_momentum_bull,0.732219539,MOMENTUM,False,False,False
2026-04-30,BULL_CALM,0.638998008,hurst_momentum_bull,0.7472986056,MOMENTUM,False,False,False
2026-05-01,BULL_CALM,0.6337607127,hurst_momentum_bull,0.7436324989,MOMENTUM,False,False,False
2026-05-04,BULL_CALM,0.6652269553,hurst_momentum_bull,0.7656588687,MOMENTUM,False,False,False
2026-05-05,BULL_CALM,0.6505226528,hurst_momentum_bull,0.7553658569,MOMENTUM,False,False,False
2026-05-06,BULL_CALM,0.6417169779,hurst_momentum_bull,0.7492018845,MOMENTUM,False,False,False
2026-05-07,BULL_CALM,0.6399433338,hurst_momentum_bull,0.7479603337,MOMENTUM,False,False,False
2026-05-08,BULL_CALM,0.6495499507,hurst_momentum_bull,0.7546849655,MOMENTUM,False,False,False
2026-05-11,BULL_CALM,0.6651153578,hurst_momentum_bull,0.7655807505,MOMENTUM,False,False,False
2026-05-12,BULL_CALM,0.6444924215,hurst_momentum_bull,0.7511446951,MOMENTUM,False,False,False
2026-05-13,BULL_CALM,0.6361020824,hurst_momentum_bull,0.7452714577,MOMENTUM,False,False,False
2026-05-14,BULL_CALM,0.678041207,hurst_momentum_bull,0.7746288449,MOMENTUM,False,False,False
2026-05-15,BULL_CALM,0.6301108492,hurst_momentum_bull,0.7410775945,MOMENTUM,False,False,False
2026-05-18,BULL_CALM,0.6290754365,hurst_momentum_bull,0.7403528056,MOMENTUM,False,False,False
2026-05-19,BULL_CALM,0.5837100934,hurst_momentum_bull,0.7085970654,MOMENTUM,False,False,False
2026-05-20,BULL_CALM,0.5873868776,hurst_momentum_bull,0.7111708143,MOMENTUM,False,False,False
2026-05-21,BULL_CALM,0.5914434593,hurst_momentum_bull,0.7140104215,MOMENTUM,False,False,False
2026-05-22,BULL_CALM,0.5957885847,hurst_momentum_bull,0.7170520093,MOMENTUM,False,False,False
2026-05-26,BULL_CALM,0.5621855274,hurst_momentum_bull,0.6935298692,MOMENTUM,False,False,False
2026-05-27,BULL_CALM,0.5599969131,hurst_momentum_bull,0.6919978391,MOMENTUM,False,False,False
2026-05-28,BULL_CALM,0.5906651417,hurst_momentum_bull,0.7134655992,MOMENTUM,False,False,False
2026-05-29,BULL_CALM,0.5932538218,hurst_momentum_bull,0.7152776752,MOMENTUM,False,False,False
2026-06-01,BULL_CALM,0.6148619384,hurst_momentum_bull,0.7304033569,MOMENTUM,False,False,False
2026-06-02,BULL_CALM,0.6303235984,hurst_momentum_bull,0.7412265189,MOMENTUM,False,False,False
2026-06-03,BULL_CALM,0.6225830578,hurst_momentum_bull,0.7358081405,MOMENTUM,False,False,False
2026-06-04,BULL_CALM,0.6376071509,hurst_momentum_bull,0.7463250056,MOMENTUM,False,False,False
2026-06-05,BULL_CALM,0.6821995052,hurst_momentum_bull,0.7775396536,MOMENTUM,False,False,False
2026-06-08,BULL_CALM,0.6768642894,hurst_momentum_bull,0.7738050026,MOMENTUM,False,False,False
2026-06-09,BULL_CALM,0.6918662051,hurst_momentum_bull,0.7843063436,MOMENTUM,False,False,False
2026-06-10,BULL_CALM,0.6858126778,hurst_momentum_bull,0.7800688745,MOMENTUM,False,False,False
2026-06-11,BEAR,0.5,hard_bear,0.7813291248,MOMENTUM,True,True,True
2026-06-12,BULL_CALM,0.5,hurst_momentum_bull,0.8021329122,MOMENTUM,False,False,True
2026-06-15,BULL_CALM,0.5,hurst_momentum_bull,0.8137864527,MOMENTUM,False,False,True
2026-06-16,CHOPPY,0.5,hurst_momentum_vol_cluster_choppy,0.8074939423,MOMENTUM,False,True,True
2026-06-17,BULL_CALM,0.5,hurst_momentum_bull,0.7909265205,MOMENTUM,False,False,True
2026-06-18,BULL_CALM,0.5,hurst_momentum_bull,0.7935577188,MOMENTUM,False,False,True
2026-06-22,BULL_CALM,0.6729839573,hurst_momentum_bull,0.7710887701,MOMENTUM,False,False,False
2026-06-23,BULL_CALM,0.7051943564,hurst_momentum_bull,0.7936360495,MOMENTUM,False,False,False
2026-06-24,BULL_CALM,0.6827742968,hurst_momentum_bull,0.7779420078,MOMENTUM,False,False,False
2026-06-25,BULL_CALM,0.6821622071,hurst_momentum_bull,0.777513545,MOMENTUM,False,False,False
2026-06-26,BULL_CALM,0.6614580014,hurst_momentum_bull,0.763020601,MOMENTUM,False,False,False
2026-06-29,BULL_CALM,0.6102293184,hurst_momentum_bull,0.7271605229,MOMENTUM,False,False,False
2026-06-30,BULL_CALM,0.5914539387,hurst_momentum_bull,0.7140177571,MOMENTUM,False,False,False
2026-07-01,BULL_CALM,0.6075739319,hurst_momentum_bull,0.7253017523,MOMENTUM,False,False,False
2026-07-02,BULL_CALM,0.613269505,hurst_momentum_bull,0.7292886535,MOMENTUM,False,False,False
2026-07-06,BULL_CALM,0.6091575219,hurst_momentum_bull,0.7264102654,MOMENTUM,False,False,False
2026-07-07,BULL_CALM,0.6096252106,hurst_momentum_bull,0.7267376474,MOMENTUM,False,False,False
2026-07-08,BULL_CALM,0.6058810315,hurst_momentum_bull,0.724116722,MOMENTUM,False,False,False
2026-07-09,BULL_CALM,0.5571382803,hurst_momentum_bull,0.6899967962,MOMENTUM,False,False,False
2026-07-10,BULL_CALM,0.5427390564,hurst_momentum_bull,0.6799173395,MOMENTUM,False,False,False
2026-07-13,BULL_CALM,0.5578760933,hurst_momentum_bull,0.6905132653,MOMENTUM,False,False,False
2026-07-14,BULL_CALM,0.5187596986,hurst_momentum_bull,0.6631317891,MOMENTUM,False,False,False
2026-07-15,BULL_CALM,0.8904792071,dominant_gmm,0.6460724574,AMBIGUOUS,False,False,False
2026-07-16,BULL_CALM,0.8143597699,dominant_gmm,0.6333474221,AMBIGUOUS,False,False,False
2026-07-17,BULL_CALM,0.6968979254,dominant_gmm,0.6357758329,AMBIGUOUS,False,False,False
2026-07-20,BULL_CALM,0.5053413277,hurst_momentum_bull,0.6537389294,MOMENTUM,False,False,False
2026-07-21,BULL_CALM,0.5028079546,hurst_momentum_bull,0.6519655682,MOMENTUM,False,False,False
2026-07-22,BULL_CALM,0.5022300092,hurst_momentum_bull,0.6515610064,MOMENTUM,False,False,False
2026-07-23,BULL_CALM,0.5169293876,hurst_momentum_bull,0.6618505713,MOMENTUM,False,False,False
2026-07-24,BULL_CALM,0.5055372491,hurst_momentum_bull,0.6538760744,MOMENTUM,False,False,False
2026-07-27,BULL_CALM,0.5104637946,hurst_momentum_bull,0.6573246563,MOMENTUM,False,False,False
2026-07-28,BULL_CALM,0.5102458443,hurst_momentum_bull,0.657172091,MOMENTUM,False,False,False
2026-07-29,BULL_CALM,0.5206244318,hurst_momentum_bull,0.6644371023,MOMENTUM,False,False,False
2026-07-30,BULL_CALM,0.5216413496,hurst_momentum_bull,0.6651489447,MOMENTUM,False,False,False
2026-07-31,BULL_CALM,0.5246465117,hurst_momentum_bull,0.6672525582,MOMENTUM,False,False,False
2026-08-03,BULL_CALM,0.5387863831,hurst_momentum_bull,0.6771504682,MOMENTUM,False,False,False
2026-08-04,BULL_CALM,0.572417837,hurst_momentum_bull,0.7006924859,MOMENTUM,False,False,False
2026-08-05,BULL_CALM,0.5717214889,hurst_momentum_bull,0.7002050423,MOMENTUM,False,False,False
2026-08-06,BULL_CALM,0.5673856035,hurst_momentum_bull,0.6971699225,MOMENTUM,False,False,False
2026-08-07,BULL_CALM,0.5921682593,hurst_momentum_bull,0.7145177815,MOMENTUM,False,False,False
2026-08-10,BULL_CALM,0.5824548369,hurst_momentum_bull,0.7077183858,MOMENTUM,False,False,False
2026-08-11,BULL_CALM,0.5876349793,hurst_momentum_bull,0.7113444855,MOMENTUM,False,False,False
2026-08-12,BULL_CALM,0.5985073957,hurst_momentum_bull,0.718955177,MOMENTUM,False,False,False
2026-08-13,BULL_CALM,0.610307553,hurst_momentum_bull,0.7272152871,MOMENTUM,False,False,False
2026-08-14,BULL_CALM,0.6168533132,hurst_momentum_bull,0.7317973192,MOMENTUM,False,False,False
2026-08-17,BULL_CALM,0.6305399959,hurst_momentum_bull,0.7413779972,MOMENTUM,False,False,False
